Lake,Mass,Length,Total_Worms,CatchDate_clean,Season,Month_num,Month.adj,Fish_ID,total_worm_wt,max_worm_wt,JOIN_ID
PCH,0.163,23.46,2,2023-07-19,Summer,1,JUL.23,1,NA,NA,PCH_1_B
PCH,0.091,21.6,2,2023-07-19,Summer,1,JUL.23,2,NA,NA,PCH_2_B
PCH,0.075,19.82,1,2023-07-19,Summer,1,JUL.23,3,NA,NA,PCH_3_B
PCH,0.115,22.8,1,2023-07-19,Summer,1,JUL.23,4,NA,NA,PCH_4_B
PCH,0.101,21.23,2,2023-07-19,Summer,1,JUL.23,5,NA,NA,PCH_5_B
PCH,0.148,24.43,0,2023-07-19,Summer,1,JUL.23,6,NA,NA,PCH_6_B
PCH,0.116,22.84,1,2023-07-19,Summer,1,JUL.23,7,NA,NA,PCH_7_B
PCH,0.065,18.63,2,2023-07-19,Summer,1,JUL.23,8,NA,NA,PCH_8_B
PCH,0.108,22.42,1,2023-07-19,Summer,1,JUL.23,9,NA,NA,PCH_9_B
PCH,0.112,22.84,0,2023-07-19,Summer,1,JUL.23,10,NA,NA,PCH_10_B
PCH,0.107,22.01,2,2023-07-19,Summer,1,JUL.23,11,NA,NA,PCH_11_B
PCH,0.083,20.79,1,2023-07-19,Summer,1,JUL.23,12,NA,NA,PCH_12_B
PCH,0.128,24.19,0,2023-07-19,Summer,1,JUL.23,13,NA,NA,PCH_13_B
PCH,0.09,22.11,0,2023-07-19,Summer,1,JUL.23,14,NA,NA,PCH_14_B
PCH,0.084,20.49,0,2023-07-19,Summer,1,JUL.23,15,NA,NA,PCH_15_B
PCH,0.088,21.97,2,2023-07-19,Summer,1,JUL.23,16,NA,NA,PCH_16_B
PCH,0.078,19.97,1,2023-07-19,Summer,1,JUL.23,17,NA,NA,PCH_17_B
PCH,0.073,19.51,0,2023-07-19,Summer,1,JUL.23,18,NA,NA,PCH_18_B
PCH,0.084,19.88,2,2023-07-19,Summer,1,JUL.23,19,NA,NA,PCH_19_B
PCH,0.064,18.61,1,2023-07-19,Summer,1,JUL.23,20,NA,NA,PCH_20_B
PCH,0.08,20.68,1,2023-07-19,Summer,1,JUL.23,21,NA,NA,PCH_21_B
PCH,0.059,18.95,3,2023-07-19,Summer,1,JUL.23,22,NA,NA,PCH_22_B
PCH,0.057,17.66,2,2023-07-19,Summer,1,JUL.23,23,NA,NA,PCH_23_B
PCH,0.132,23.61,1,2023-07-19,Summer,1,JUL.23,24,NA,NA,PCH_24_B
PCH,0.077,19.82,2,2023-07-19,Summer,1,JUL.23,25,NA,NA,PCH_25_B
PCH,0.129,22.97,1,2023-07-19,Summer,1,JUL.23,26,NA,NA,PCH_26_B
PCH,0.075,19.89,2,2023-07-19,Summer,1,JUL.23,27,NA,NA,PCH_27_B
PCH,0.087,21.55,1,2023-07-19,Summer,1,JUL.23,28,NA,NA,PCH_28_B
PCH,0.115,22.75,0,2023-07-19,Summer,1,JUL.23,29,NA,NA,PCH_29_B
PCH,0.071,19.97,0,2023-07-19,Summer,1,JUL.23,30,NA,NA,PCH_30_B
PCH,0.066,18.56,2,2023-07-19,Summer,1,JUL.23,31,NA,NA,PCH_31_B
PCH,0.073,19.6,0,2023-07-19,Summer,1,JUL.23,32,NA,NA,PCH_32_B
SUG,0.149,25.22,1,2023-07-23,Summer,1,JUL.23,33,NA,NA,SUG_33_B
SUG,0.087,19.38,0,2023-07-23,Summer,1,JUL.23,34,NA,NA,SUG_34_B
SUG,0.057,18.79,0,2023-07-23,Summer,1,JUL.23,35,NA,NA,SUG_35_B
SUG,0.028,15.21,0,2023-07-23,Summer,1,JUL.23,36,NA,NA,SUG_36_B
SUG,0.042,15.98,0,2023-07-23,Summer,1,JUL.23,37,NA,NA,SUG_37_B
SUG,0.07,19.46,1,2023-07-23,Summer,1,JUL.23,38,NA,NA,SUG_38_B
SUG,0.039,16.58,1,2023-07-23,Summer,1,JUL.23,39,NA,NA,SUG_39_B
SUG,0.045,16.81,0,2023-07-23,Summer,1,JUL.23,40,NA,NA,SUG_40_B
SUG,0.059,18.92,0,2023-07-23,Summer,1,JUL.23,41,NA,NA,SUG_41_B
SUG,0.121,23.07,1,2023-07-23,Summer,1,JUL.23,42,NA,NA,SUG_42_B
SUG,0.151,25.31,1,2023-07-23,Summer,1,JUL.23,43,NA,NA,SUG_43_B
SUG,0.042,16.42,0,2023-07-23,Summer,1,JUL.23,44,NA,NA,SUG_44_B
SUG,0.023,13.59,0,2023-07-23,Summer,1,JUL.23,45,NA,NA,SUG_45_B
SUG,0.132,24.52,1,2023-07-23,Summer,1,JUL.23,46,NA,NA,SUG_46_B
SUG,0.027,14.6,0,2023-07-23,Summer,1,JUL.23,47,NA,NA,SUG_47_B
SUG,0.154,24.32,1,2023-07-23,Summer,1,JUL.23,48,NA,NA,SUG_48_B
SUG,0.098,23.06,0,2023-07-23,Summer,1,JUL.23,49,NA,NA,SUG_49_B
SUG,0.021,14.5,1,2023-07-23,Summer,1,JUL.23,50,NA,NA,SUG_50_B
SUG,0.037,15.99,0,2023-07-23,Summer,1,JUL.23,51,NA,NA,SUG_51_B
SUG,0.059,17.81,0,2023-07-23,Summer,1,JUL.23,52,NA,NA,SUG_52_B
SUG,0.128,22.82,0,2023-07-23,Summer,1,JUL.23,53,NA,NA,SUG_53_B
SUG,0.097,22.62,0,2023-07-23,Summer,1,JUL.23,54,NA,NA,SUG_54_B
SUG,0.024,13.7,0,2023-07-23,Summer,1,JUL.23,55,NA,NA,SUG_55_B
SUG,0.054,18.54,2,2023-07-23,Summer,1,JUL.23,56,NA,NA,SUG_56_B
SUG,0.062,19.62,1,2023-07-23,Summer,1,JUL.23,57,NA,NA,SUG_57_B
SUG,0.086,21.1,0,2023-07-23,Summer,1,JUL.23,58,NA,NA,SUG_58_B
FRE,0.091,21.83,2,2023-09-12,Fall,3,SEP,59,NA,NA,FRE_59_B
FRE,0.068,19.86,0,2023-09-12,Fall,3,SEP,60,NA,NA,FRE_60_B
FRE,0.073,21.13,0,2023-09-12,Fall,3,SEP,61,NA,NA,FRE_61_B
FRE,0.225,29.13,1,2023-09-12,Fall,3,SEP,62,NA,NA,FRE_62_B
FRE,0.261,30.33,1,2023-09-12,Fall,3,SEP,63,NA,NA,FRE_63_B
FRE,0.097,23.09,0,2023-09-12,Fall,3,SEP,64,NA,NA,FRE_64_B
FRE,0.184,26.79,0,2023-09-12,Fall,3,SEP,65,NA,NA,FRE_65_B
FRE,0.057,19.6,0,2023-09-12,Fall,3,SEP,66,NA,NA,FRE_66_B
FRE,0.112,23.81,0,2023-09-12,Fall,3,SEP,67,NA,NA,FRE_67_B
FRE,0.178,27.75,4,2023-09-12,Fall,3,SEP,68,NA,NA,FRE_68_B
FRE,0.069,21.21,1,2023-09-12,Fall,3,SEP,69,NA,NA,FRE_69_B
FRE,0.114,23.45,2,2023-09-12,Fall,3,SEP,70,NA,NA,FRE_70_B
FRE,0.071,20.45,2,2023-09-12,Fall,3,SEP,71,NA,NA,FRE_71_B
FRE,0.046,17.36,0,2023-09-12,Fall,3,SEP,72,NA,NA,FRE_72_B
FRE,0.048,17.53,0,2023-09-12,Fall,3,SEP,73,NA,NA,FRE_73_B
SRA,0.112,21.57,1,2023-10-11,Fall,4,OCT,74,NA,NA,SRA_74_B
SRA,0.061,18.84,1,2023-10-11,Fall,4,OCT,75,NA,NA,SRA_75_B
SRA,0.09,20.35,1,2023-10-11,Fall,4,OCT,76,NA,NA,SRA_76_B
SRA,0.071,19.99,0,2023-10-11,Fall,4,OCT,77,NA,NA,SRA_77_B
FRE,0.061,19.4,2,2023-10-11,Fall,4,OCT,78,NA,NA,FRE_78_B
FRE,0.077,20.89,0,2023-10-11,Fall,4,OCT,79,NA,NA,FRE_79_B
FRE,0.061,20.21,0,2023-10-11,Fall,4,OCT,80,NA,NA,FRE_80_B
FRE,0.074,20.96,0,2023-10-11,Fall,4,OCT,81,NA,NA,FRE_81_B
FRE,0.062,20.58,0,2023-10-11,Fall,4,OCT,82,NA,NA,FRE_82_B
FRE,0.088,22.69,0,2023-10-11,Fall,4,OCT,83,NA,NA,FRE_83_B
FRE,0.039,16.87,0,2023-10-11,Fall,4,OCT,84,NA,NA,FRE_84_B
L2B,0.073,20.07,2,2023-10-13,Fall,4,OCT,85,NA,NA,L2B_85_B
L2B,0.061,18.96,0,2023-10-13,Fall,4,OCT,86,NA,NA,L2B_86_B
L2B,0.124,23.23,0,2023-10-13,Fall,4,OCT,87,NA,NA,L2B_87_B
L2B,0.083,20.35,0,2023-10-13,Fall,4,OCT,88,NA,NA,L2B_88_B
L2B,0.057,17.5,0,2023-10-13,Fall,4,OCT,89,NA,NA,L2B_89_B
L2B,0.062,16.7,4,2023-10-13,Fall,4,OCT,90,NA,NA,L2B_90_B
L2B,0.106,22.12,0,2023-10-13,Fall,4,OCT,91,NA,NA,L2B_91_B
L2B,0.096,20.93,0,2023-10-13,Fall,4,OCT,92,NA,NA,L2B_92_B
L2B,0.066,18.97,2,2023-10-13,Fall,4,OCT,93,NA,NA,L2B_93_B
L2B,0.072,18.76,1,2023-10-13,Fall,4,OCT,94,NA,NA,L2B_94_B
PCH,0.186,26.75,0,2023-10-14,Fall,4,OCT,95,NA,NA,PCH_95_B
PCH,0.173,26.54,0,2023-10-14,Fall,4,OCT,96,NA,NA,PCH_96_B
PCH,0.14,25.38,1,2023-10-14,Fall,4,OCT,97,NA,NA,PCH_97_B
PCH,0.158,25.52,0,2023-10-14,Fall,4,OCT,98,NA,NA,PCH_98_B
PCH,0.138,25.37,1,2023-10-14,Fall,4,OCT,99,NA,NA,PCH_99_B
PCH,0.145,25.09,3,2023-10-14,Fall,4,OCT,100,NA,NA,PCH_100_B
PCH,0.181,26.94,1,2023-10-14,Fall,4,OCT,101,NA,NA,PCH_101_B
PCH,0.267,30.33,0,2023-10-14,Fall,4,OCT,102,NA,NA,PCH_102_B
PCH,0.241,28.53,1,2023-10-14,Fall,4,OCT,103,NA,NA,PCH_103_B
SRA,0.075,18.87,0,2023-08-14,Summer,2,AUG,104,NA,NA,SRA_104_B
SRA,0.144,23.61,0,2023-08-14,Summer,2,AUG,105,NA,NA,SRA_105_B
SRA,0.172,24.66,0,2023-08-14,Summer,2,AUG,106,NA,NA,SRA_106_B
SRA,0.169,24.17,0,2023-08-14,Summer,2,AUG,107,NA,NA,SRA_107_B
SRA,0.119,21.08,0,2023-08-14,Summer,2,AUG,108,NA,NA,SRA_108_B
SRA,0.091,19.69,1,2023-08-14,Summer,2,AUG,109,NA,NA,SRA_109_B
SRA,0.173,24.71,0,2023-08-14,Summer,2,AUG,110,NA,NA,SRA_110_B
SRA,0.063,17.72,0,2023-08-14,Summer,2,AUG,111,NA,NA,SRA_111_B
SRA,0.196,26.03,1,2023-08-14,Summer,2,AUG,112,NA,NA,SRA_112_B
SRA,0.168,24.72,0,2023-08-14,Summer,2,AUG,113,NA,NA,SRA_113_B
SRA,0.149,23.86,1,2023-08-14,Summer,2,AUG,114,NA,NA,SRA_114_B
SRA,0.165,26.73,1,2023-08-14,Summer,2,AUG,115,NA,NA,SRA_115_B
SRA,0.107,21.67,0,2023-08-14,Summer,2,AUG,116,NA,NA,SRA_116_B
SRA,0.254,28.84,0,2023-08-14,Summer,2,AUG,117,NA,NA,SRA_117_B
SRA,0.222,27.26,0,2023-08-14,Summer,2,AUG,118,NA,NA,SRA_118_B
SRA,0.169,25.57,0,2023-08-14,Summer,2,AUG,119,NA,NA,SRA_119_B
SRA,0.166,24.87,1,2023-08-14,Summer,2,AUG,120,NA,NA,SRA_120_B
SRA,0.178,25.54,1,2023-08-14,Summer,2,AUG,121,NA,NA,SRA_121_B
SRA,0.129,24.31,1,2023-08-14,Summer,2,AUG,122,NA,NA,SRA_122_B
SRA,0.162,26.3,1,2023-08-14,Summer,2,AUG,123,NA,NA,SRA_123_B
SRA,0.211,28.06,1,2023-08-14,Summer,2,AUG,124,NA,NA,SRA_124_B
SRA,0.093,19.6,2,2023-08-14,Summer,2,AUG,125,NA,NA,SRA_125_B
SRA,0.077,19.33,0,2023-08-14,Summer,2,AUG,126,NA,NA,SRA_126_B
SRA,0.135,23.13,0,2023-08-14,Summer,2,AUG,127,NA,NA,SRA_127_B
FRE,0.023,13.44,0,2023-08-15,Summer,2,AUG,128,NA,NA,FRE_128_B
FRE,0.1,19.02,4,2023-08-15,Summer,2,AUG,129,NA,NA,FRE_129_B
FRE,0.04,16.16,0,2023-08-15,Summer,2,AUG,130,NA,NA,FRE_130_B
FRE,0.018,12.31,0,2023-08-15,Summer,2,AUG,131,NA,NA,FRE_131_B
FRE,0.026,14.98,0,2023-08-15,Summer,2,AUG,132,NA,NA,FRE_132_B
FRE,0.019,12.66,1,2023-08-15,Summer,2,AUG,133,NA,NA,FRE_133_B
FRE,0.049,18.64,0,2023-08-15,Summer,2,AUG,134,NA,NA,FRE_134_B
FRE,0.022,14.17,0,2023-08-15,Summer,2,AUG,135,NA,NA,FRE_135_B
FRE,0.021,14.69,0,2023-08-15,Summer,2,AUG,136,NA,NA,FRE_136_B
FRE,0.032,16.23,0,2023-08-15,Summer,2,AUG,137,NA,NA,FRE_137_B
FRE,0.024,17,0,2023-08-15,Summer,2,AUG,138,NA,NA,FRE_138_B
FRE,0.032,16.08,0,2023-08-15,Summer,2,AUG,139,NA,NA,FRE_139_B
FRE,0.039,15.18,0,2023-08-15,Summer,2,AUG,140,NA,NA,FRE_140_B
FRE,0.03,14.7,0,2023-08-15,Summer,2,AUG,141,NA,NA,FRE_141_B
FRE,0.051,18.73,0,2023-08-15,Summer,2,AUG,142,NA,NA,FRE_142_B
FRE,0.026,14.45,0,2023-08-15,Summer,2,AUG,143,NA,NA,FRE_143_B
FRE,0.052,18.03,1,2023-08-15,Summer,2,AUG,144,NA,NA,FRE_144_B
FRE,0.058,19.29,0,2023-08-15,Summer,2,AUG,145,NA,NA,FRE_145_B
FRE,0.028,14.36,0,2023-08-15,Summer,2,AUG,146,NA,NA,FRE_146_B
FRE,0.026,14.2,0,2023-08-15,Summer,2,AUG,147,NA,NA,FRE_147_B
FRE,0.099,22.55,2,2023-08-15,Summer,2,AUG,148,NA,NA,FRE_148_B
PCH,0.163,25.75,2,2023-08-15,Summer,2,AUG,149,NA,NA,PCH_149_B
PCH,0.157,24.72,2,2023-08-15,Summer,2,AUG,150,NA,NA,PCH_150_B
PCH,0.106,21.95,0,2023-08-15,Summer,2,AUG,151,NA,NA,PCH_151_B
PCH,0.105,21.86,3,2023-08-15,Summer,2,AUG,152,NA,NA,PCH_152_B
PCH,0.243,27.97,3,2023-08-15,Summer,2,AUG,153,NA,NA,PCH_153_B
PCH,0.171,24.98,1,2023-08-15,Summer,2,AUG,154,NA,NA,PCH_154_B
PCH,0.108,23.13,0,2023-08-15,Summer,2,AUG,155,NA,NA,PCH_155_B
PCH,0.068,19.21,0,2023-08-15,Summer,2,AUG,156,NA,NA,PCH_156_B
PCH,0.086,21.44,0,2023-08-15,Summer,2,AUG,157,NA,NA,PCH_157_B
PCH,0.252,26.49,8,2023-08-15,Summer,2,AUG,158,NA,NA,PCH_158_B
PCH,0.124,23.69,2,2023-08-16,Summer,2,AUG,159,NA,NA,PCH_159_B
PCH,0.082,20.64,0,2023-08-16,Summer,2,AUG,160,NA,NA,PCH_160_B
PCH,0.037,16.02,0,2023-08-16,Summer,2,AUG,161,NA,NA,PCH_161_B
PCH,0.091,21.73,0,2023-08-16,Summer,2,AUG,162,NA,NA,PCH_162_B
PCH,0.11,22.35,1,2023-08-16,Summer,2,AUG,163,NA,NA,PCH_163_B
PCH,0.126,24.11,0,2023-08-16,Summer,2,AUG,164,NA,NA,PCH_164_B
PCH,0.141,24.97,0,2023-08-16,Summer,2,AUG,165,NA,NA,PCH_165_B
PCH,0.128,24.14,1,2023-08-16,Summer,2,AUG,166,NA,NA,PCH_166_B
PCH,0.033,15.92,0,2023-08-16,Summer,2,AUG,167,NA,NA,PCH_167_B
PCH,0.053,17.11,0,2023-08-16,Summer,2,AUG,168,NA,NA,PCH_168_B
SUG,0.195,27.52,0,2023-08-17,Summer,2,AUG,169,NA,NA,SUG_169_B
SUG,0.091,21.51,0,2023-08-17,Summer,2,AUG,170,NA,NA,SUG_170_B
SUG,0.091,23.04,2,2023-08-17,Summer,2,AUG,171,NA,NA,SUG_171_B
SUG,0.082,20.57,1,2023-08-17,Summer,2,AUG,172,NA,NA,SUG_172_B
SUG,0.071,20.04,1,2023-08-17,Summer,2,AUG,173,NA,NA,SUG_173_B
SUG,0.043,18.19,1,2023-08-17,Summer,2,AUG,174,NA,NA,SUG_174_B
SUG,0.123,24.72,0,2023-08-17,Summer,2,AUG,175,NA,NA,SUG_175_B
SUG,0.105,21.78,0,2023-08-17,Summer,2,AUG,176,NA,NA,SUG_176_B
SUG,0.138,24.84,0,2023-08-17,Summer,2,AUG,177,NA,NA,SUG_177_B
SUG,0.103,23.93,0,2023-08-17,Summer,2,AUG,178,NA,NA,SUG_178_B
SUG,0.083,22.11,1,2023-08-17,Summer,2,AUG,179,NA,NA,SUG_179_B
SUG,0.055,18.79,0,2023-08-17,Summer,2,AUG,180,NA,NA,SUG_180_B
SUG,0.08,20.83,1,2023-08-17,Summer,2,AUG,181,NA,NA,SUG_181_B
SUG,0.04,16.95,2,2023-08-17,Summer,2,AUG,182,NA,NA,SUG_182_B
SUG,0.11,22.74,0,2023-08-17,Summer,2,AUG,183,NA,NA,SUG_183_B
SUG,0.088,20.66,0,2023-08-17,Summer,2,AUG,184,NA,NA,SUG_184_B
SUG,0.068,20.24,0,2023-08-17,Summer,2,AUG,185,NA,NA,SUG_185_B
SUG,0.068,19.25,0,2023-08-17,Summer,2,AUG,186,NA,NA,SUG_186_B
SUG,0.185,27.25,1,2023-08-17,Summer,2,AUG,187,NA,NA,SUG_187_B
SUG,0.037,16.73,0,2023-08-17,Summer,2,AUG,188,NA,NA,SUG_188_B
SUG,0.05,17.92,0,2023-08-17,Summer,2,AUG,189,NA,NA,SUG_189_B
SUG,0.102,20.98,0,2023-08-17,Summer,2,AUG,190,NA,NA,SUG_190_B
SUG,0.051,18.11,0,2023-08-17,Summer,2,AUG,191,NA,NA,SUG_191_B
SUG,0.037,17.21,0,2023-08-17,Summer,2,AUG,192,NA,NA,SUG_192_B
PCH,0.042,18.59,0,2023-08-19,Summer,2,AUG,193,NA,NA,PCH_193_B
PCH,0.064,18.86,0,2023-08-19,Summer,2,AUG,194,NA,NA,PCH_194_B
SRA,0.128,22.44,0,2023-11-07,Fall,5,NOV,195,NA,NA,SRA_195_B
SRA,0.113,19.83,0,2023-11-07,Fall,5,NOV,196,NA,NA,SRA_196_B
SRA,0.059,18.39,0,2023-11-07,Fall,5,NOV,197,NA,NA,SRA_197_B
SRA,0.108,21.51,1,2023-11-07,Fall,5,NOV,198,NA,NA,SRA_198_B
SRA,0.124,22.25,1,2023-11-07,Fall,5,NOV,199,NA,NA,SRA_199_B
SRA,0.177,25.51,0,2023-11-07,Fall,5,NOV,200,NA,NA,SRA_200_B
SRA,0.065,19.32,0,2023-11-07,Fall,5,NOV,201,NA,NA,SRA_201_B
SRA,0.025,15.92,0,2023-11-07,Fall,5,NOV,202,NA,NA,SRA_202_B
SRA,0.075,18.67,2,2023-11-07,Fall,5,NOV,203,NA,NA,SRA_203_B
SRA,0.116,23.27,0,2023-11-07,Fall,5,NOV,204,NA,NA,SRA_204_B
SRA,0.053,17.88,0,2023-08-14,Summer,2,AUG,205,NA,NA,SRA_205_B
SRA,0.144,22.8,1,2023-08-14,Summer,2,AUG,206,NA,NA,SRA_206_B
SRA,0.079,19.62,0,2023-08-14,Summer,2,AUG,207,NA,NA,SRA_207_B
SRA,0.089,20.18,1,2023-08-14,Summer,2,AUG,208,NA,NA,SRA_208_B
SRA,0.063,17.69,2,2023-08-14,Summer,2,AUG,209,NA,NA,SRA_209_B
SRA,0.12,21.62,0,2023-08-14,Summer,2,AUG,210,NA,NA,SRA_210_B
SRA,0.107,20.58,0,2023-08-14,Summer,2,AUG,211,NA,NA,SRA_211_B
SRA,0.089,20.38,1,2023-08-14,Summer,2,AUG,212,NA,NA,SRA_212_B
SRA,0.048,17.8,2,2023-08-14,Summer,2,AUG,213,NA,NA,SRA_213_B
SRA,0.078,19,0,2023-08-14,Summer,2,AUG,214,NA,NA,SRA_214_B
SRA,0.118,22.16,0,2023-08-14,Summer,2,AUG,215,NA,NA,SRA_215_B
SRA,0.162,24.94,0,2023-08-14,Summer,2,AUG,216,NA,NA,SRA_216_B
SRA,0.182,24.72,0,2023-08-14,Summer,2,AUG,217,NA,NA,SRA_217_B
SRA,0.16,23.69,0,2023-08-14,Summer,2,AUG,218,NA,NA,SRA_218_B
SRA,0.129,24.14,0,2023-08-14,Summer,2,AUG,219,NA,NA,SRA_219_B
SRA,0.131,23.06,0,2023-08-14,Summer,2,AUG,220,NA,NA,SRA_220_B
SRA,0.281,29.69,0,2023-08-14,Summer,2,AUG,221,NA,NA,SRA_221_B
SRA,0.169,24.89,0,2023-08-14,Summer,2,AUG,222,NA,NA,SRA_222_B
SRA,0.206,26.4,0,2023-08-14,Summer,2,AUG,223,NA,NA,SRA_223_B
SRA,0.062,19.47,1,2023-08-14,Summer,2,AUG,224,NA,NA,SRA_224_B
SRA,0.09,20.89,0,2023-08-14,Summer,2,AUG,225,NA,NA,SRA_225_B
SRA,0.147,23.8,0,2023-08-14,Summer,2,AUG,226,NA,NA,SRA_226_B
SRA,0.175,25.08,1,2023-08-14,Summer,2,AUG,227,NA,NA,SRA_227_B
SRA,0.157,24.46,2,2023-08-14,Summer,2,AUG,228,NA,NA,SRA_228_B
SRA,0.223,28.15,0,2023-08-14,Summer,2,AUG,229,NA,NA,SRA_229_B
SRA,0.151,24.69,1,2023-08-14,Summer,2,AUG,230,NA,NA,SRA_230_B
SRA,0.055,16.84,0,2023-08-14,Summer,2,AUG,231,NA,NA,SRA_231_B
SRA,0.132,22.67,0,2023-08-14,Summer,2,AUG,232,NA,NA,SRA_232_B
SRA,0.113,22.46,0,2023-08-14,Summer,2,AUG,233,NA,NA,SRA_233_B
SRA,0.1,20.56,0,2023-08-14,Summer,2,AUG,234,NA,NA,SRA_234_B
RSS,0.044,16.73,0,2023-08-15,Summer,2,AUG,235,NA,NA,RSS_235_B
RSS,0.029,14.85,NA,2023-08-15,Summer,2,AUG,236,NA,NA,RSS_236_B
RSS,0.027,15.07,0,2023-08-15,Summer,2,AUG,237,NA,NA,RSS_237_B
RSS,0.052,19.7,0,2023-08-15,Summer,2,AUG,238,NA,NA,RSS_238_B
RSS,0.055,18.22,0,2023-08-15,Summer,2,AUG,239,NA,NA,RSS_239_B
RSS,0.032,14.74,1,2023-08-15,Summer,2,AUG,240,NA,NA,RSS_240_B
RSS,0.027,14.79,0,2023-08-15,Summer,2,AUG,241,NA,NA,RSS_241_B
RSS,0.029,15.54,0,2023-08-15,Summer,2,AUG,242,NA,NA,RSS_242_B
FRE,0.028,17.7,0,2023-08-16,Summer,2,AUG,243,0,0,FRE_243_B
FRE,0.05,20.37,0,2023-08-16,Summer,2,AUG,244,0,0,FRE_244_B
FRE,0.036,18.42,1,2023-08-16,Summer,2,AUG,245,5e-4,5e-4,FRE_245_B
FRE,0.026,17.43,0,2023-08-16,Summer,2,AUG,246,0,0,FRE_246_B
FRE,0.046,21.56,0,2023-08-16,Summer,2,AUG,247,0,0,FRE_247_B
FRE,0.032,17.47,0,2023-08-16,Summer,2,AUG,248,0,0,FRE_248_B
FRE,0.032,18.06,0,2023-08-16,Summer,2,AUG,249,0,0,FRE_249_B
FRE,0.032,17.99,0,2023-08-16,Summer,2,AUG,250,0,0,FRE_250_B
FRE,0.046,19.49,0,2023-08-16,Summer,2,AUG,251,0,0,FRE_251_B
FRE,0.03,17.58,0,2023-08-16,Summer,2,AUG,252,0,0,FRE_252_B
FRE,0.086,22.69,0,2023-08-16,Summer,2,AUG,253,0,0,FRE_253_B
FRE,0.026,16.97,0,2023-08-16,Summer,2,AUG,254,0,0,FRE_254_B
FRE,0.024,14.93,1,2023-08-16,Summer,2,AUG,255,5e-4,5e-4,FRE_255_B
FRE,0.026,13.84,0,2023-08-16,Summer,2,AUG,256,0,0,FRE_256_B
FRE,0.024,15.27,0,2023-08-16,Summer,2,AUG,257,0,0,FRE_257_B
FRE,0.05,17.97,0,2023-08-16,Summer,2,AUG,258,0,0,FRE_258_B
FRE,0.026,14.04,0,2023-08-16,Summer,2,AUG,259,0,0,FRE_259_B
FRE,0.037,16.25,0,2023-08-16,Summer,2,AUG,260,0,0,FRE_260_B
FRE,0.05,18.85,0,2023-08-16,Summer,2,AUG,261,0,0,FRE_261_B
FRE,0.046,18.51,0,2023-08-16,Summer,2,AUG,262,0,0,FRE_262_B
FRE,0.091,22.61,0,2023-08-16,Summer,2,AUG,263,0,0,FRE_263_B
FRE,0.053,18.43,0,2023-08-16,Summer,2,AUG,264,0,0,FRE_264_B
FRE,0.068,20.11,0,2023-08-16,Summer,2,AUG,265,0,0,FRE_265_B
FRE,0.031,16.72,0,2023-08-16,Summer,2,AUG,266,0,0,FRE_266_B
FRE,0.029,15.6,1,2023-08-16,Summer,2,AUG,267,5e-4,5e-4,FRE_267_B
FRE,0.052,18.92,0,2023-08-16,Summer,2,AUG,268,0,0,FRE_268_B
FRE,0.138,25.18,0,2023-08-16,Summer,2,AUG,269,0,0,FRE_269_B
SUG,0.12,24,0,2023-08-17,Summer,2,AUG,270,0,0,SUG_270_B
SUG,0.037,16.77,0,2023-08-17,Summer,2,AUG,271,0,0,SUG_271_B
SUG,0.069,21.21,0,2023-08-17,Summer,2,AUG,272,0,0,SUG_272_B
SUG,0.175,27.25,0,2023-08-17,Summer,2,AUG,273,0,0,SUG_273_B
SUG,0.045,18.83,0,2023-08-17,Summer,2,AUG,274,0,0,SUG_274_B
SUG,0.047,18.28,0,2023-08-17,Summer,2,AUG,275,0,0,SUG_275_B
SUG,0.097,23.22,0,2023-08-17,Summer,2,AUG,276,0,0,SUG_276_B
SUG,0.057,19.2,0,2023-08-17,Summer,2,AUG,277,0,0,SUG_277_B
SUG,0.043,17.06,0,2023-08-17,Summer,2,AUG,278,0,0,SUG_278_B
SUG,0.104,23.6,0,2023-08-17,Summer,2,AUG,279,0,0,SUG_279_B
SUG,0.048,18.21,0,2023-08-17,Summer,2,AUG,280,0,0,SUG_280_B
SUG,0.149,25.77,0,2023-08-17,Summer,2,AUG,281,0,0,SUG_281_B
SUG,0.058,19.05,0,2023-08-17,Summer,2,AUG,282,0,0,SUG_282_B
SUG,0.068,19.67,0,2023-08-17,Summer,2,AUG,283,0,0,SUG_283_B
SUG,0.056,17.99,0,2023-08-17,Summer,2,AUG,284,0,0,SUG_284_B
SUG,0.06,19.58,0,2023-08-17,Summer,2,AUG,285,0,0,SUG_285_B
SUG,0.08,21.21,0,2023-08-17,Summer,2,AUG,286,0,0,SUG_286_B
SUG,0.086,22.01,1,2023-08-17,Summer,2,AUG,287,0.0027,0.0027,SUG_287_B
SUG,0.099,23.49,0,2023-08-17,Summer,2,AUG,288,0,0,SUG_288_B
SUG,0.063,20.93,0,2023-08-17,Summer,2,AUG,289,0,0,SUG_289_B
SUG,0.191,28.37,0,2023-08-17,Summer,2,AUG,290,NA,NA,SUG_290_B
SUG,0.07,19.91,2,2023-08-17,Summer,2,AUG,291,0.0021,0.0021,SUG_291_B
SUG,0.142,24.96,0,2023-08-17,Summer,2,AUG,292,0,0,SUG_292_B
SUG,0.073,21.41,0,2023-08-17,Summer,2,AUG,293,0,0,SUG_293_B
SUG,0.067,20.61,0,2023-08-17,Summer,2,AUG,294,0,0,SUG_294_B
SUG,0.13,25.16,2,2023-08-17,Summer,2,AUG,295,0.0011,0.0011,SUG_295_B
SUG,0.163,27.85,0,2023-08-17,Summer,2,AUG,296,0,0,SUG_296_B
SUG,0.154,25.62,0,2023-08-17,Summer,2,AUG,297,0,0,SUG_297_B
SUG,0.156,26.02,0,2023-08-17,Summer,2,AUG,298,0,0,SUG_298_B
SUG,0.137,25.18,0,2023-08-17,Summer,2,AUG,299,0,0,SUG_299_B
SUG,0.149,25.5,0,2023-08-17,Summer,2,AUG,300,0,0,SUG_300_B
SUG,0.07,20.99,0,2023-08-17,Summer,2,AUG,301,0,0,SUG_301_B
SUG,0.077,21.33,0,2023-08-17,Summer,2,AUG,302,0,0,SUG_302_B
SUG,0.117,24.13,0,2023-08-17,Summer,2,AUG,303,0,0,SUG_303_B
SUG,0.163,26.85,0,2023-08-17,Summer,2,AUG,304,0,0,SUG_304_B
SUG,0.066,20.33,0,2023-08-17,Summer,2,AUG,305,0,0,SUG_305_B
SUG,0.162,26.57,0,2023-08-17,Summer,2,AUG,306,0,0,SUG_306_B
SUG,0.117,23.93,2,2023-08-17,Summer,2,AUG,307,0.0016,0.0016,SUG_307_B
SUG,0.126,25.42,0,2023-08-17,Summer,2,AUG,308,0,0,SUG_308_B
SUG,0.121,24.18,0,2023-08-17,Summer,2,AUG,309,0,0,SUG_309_B
SUG,0.08,21.01,0,2023-08-17,Summer,2,AUG,310,0,0,SUG_310_B
SUG,0.102,23.11,0,2023-08-17,Summer,2,AUG,311,0,0,SUG_311_B
SUG,0.106,22.56,0,2023-08-17,Summer,2,AUG,312,0,0,SUG_312_B
SUG,0.09,22.57,0,2023-08-17,Summer,2,AUG,313,0,0,SUG_313_B
SUG,0.087,21.74,0,2023-08-17,Summer,2,AUG,314,0,0,SUG_314_B
SUG,0.075,21.57,0,2023-08-17,Summer,2,AUG,315,0,0,SUG_315_B
FRE,0.137,24.94,0,2023-08-07,Summer,2,AUG,316,0,0,FRE_316_B
FRE,0.121,25.67,0,2023-08-07,Summer,2,AUG,317,0,0,FRE_317_B
SUG,0.102,23.11,0,2023-09-11,Fall,3,SEP,318,0,0,SUG_318_B
SUG,0.081,20.32,0,2023-09-11,Fall,3,SEP,319,0,0,SUG_319_B
SUG,0.054,18.15,1,2023-09-11,Fall,3,SEP,320,4e-4,4e-4,SUG_320_B
SUG,0.088,20.17,0,2023-09-11,Fall,3,SEP,321,0,0,SUG_321_B
SUG,0.075,19.84,4,2023-09-11,Fall,3,SEP,322,0.0011,0.0011,SUG_322_B
SUG,0.104,22.5,0,2023-09-11,Fall,3,SEP,323,0,0,SUG_323_B
SUG,0.062,19.93,0,2023-09-11,Fall,3,SEP,324,0,0,SUG_324_B
SUG,0.068,18.73,0,2023-09-11,Fall,3,SEP,325,0,0,SUG_325_B
SUG,0.215,26.02,3,2023-09-11,Fall,3,SEP,326,0.0363,0.0363,SUG_326_B
SUG,0.131,25.36,0,2023-09-11,Fall,3,SEP,327,0,0,SUG_327_B
SUG,0.128,24.34,0,2023-09-11,Fall,3,SEP,328,0,0,SUG_328_B
SUG,0.13,24.04,0,2023-09-11,Fall,3,SEP,329,0,0,SUG_329_B
SUG,0.194,28.41,0,2023-09-11,Fall,3,SEP,330,0,0,SUG_330_B
SUG,0.12,22.91,4,2023-09-11,Fall,3,SEP,331,0.0064,0.0064,SUG_331_B
SUG,0.182,27.15,0,2023-09-11,Fall,3,SEP,332,0,0,SUG_332_B
SUG,0.175,27.25,0,2023-09-11,Fall,3,SEP,333,0,0,SUG_333_B
SUG,0.068,19.42,0,2023-09-11,Fall,3,SEP,334,0,0,SUG_334_B
SUG,0.075,20.6,1,2023-09-11,Fall,3,SEP,335,1e-4,1e-4,SUG_335_B
SUG,0.117,23.75,1,2023-09-11,Fall,3,SEP,336,0.0047,0.0047,SUG_336_B
SUG,0.084,20.4,0,2023-09-11,Fall,3,SEP,337,0,0,SUG_337_B
SUG,0.123,24.5,0,2023-09-11,Fall,3,SEP,338,0,0,SUG_338_B
SUG,0.113,23.19,0,2023-09-11,Fall,3,SEP,339,0,0,SUG_339_B
SUG,0.101,21.18,0,2023-09-11,Fall,3,SEP,340,0,0,SUG_340_B
SUG,0.09,22.26,0,2023-09-11,Fall,3,SEP,341,0,0,SUG_341_B
SUG,0.13,23.75,0,2023-09-11,Fall,3,SEP,342,0,0,SUG_342_B
L2B,0.135,22.96,0,2023-09-12,Fall,3,SEP,343,0,0,L2B_343_B
L2B,0.098,20.85,0,2023-09-12,Fall,3,SEP,344,0,0,L2B_344_B
L2B,0.05,16.25,0,2023-09-12,Fall,3,SEP,345,0,0,L2B_345_B
L2B,0.046,15.77,0,2023-09-12,Fall,3,SEP,346,0,0,L2B_346_B
L2B,0.087,21.05,0,2023-09-12,Fall,3,SEP,347,0,0,L2B_347_B
L2B,0.049,17.36,0,2023-09-12,Fall,3,SEP,348,0,0,L2B_348_B
L2B,0.063,18.32,0,2023-09-12,Fall,3,SEP,349,0,0,L2B_349_B
L2B,0.064,17.83,0,2023-09-12,Fall,3,SEP,350,0,0,L2B_350_B
L2B,0.053,17.51,0,2023-09-12,Fall,3,SEP,351,0,0,L2B_351_B
L2B,0.064,17.93,1,2023-09-12,Fall,3,SEP,352,0.0027,0.0027,L2B_352_B
L2B,0.063,18.64,0,2023-09-12,Fall,3,SEP,353,0,0,L2B_353_B
L2B,0.059,17.61,0,2023-09-12,Fall,3,SEP,354,0,0,L2B_354_B
L2B,0.05,16.2,0,2023-09-12,Fall,3,SEP,355,0,0,L2B_355_B
L2B,0.067,19.39,0,2023-09-12,Fall,3,SEP,356,0,0,L2B_356_B
L2B,0.102,20.44,0,2023-09-12,Fall,3,SEP,357,0,0,L2B_357_B
L2B,0.06,17.64,1,2023-09-12,Fall,3,SEP,358,1e-4,1e-4,L2B_358_B
L2B,0.091,23.31,0,2023-09-12,Fall,3,SEP,359,0,0,L2B_359_B
L2B,0.079,18.75,0,2023-09-12,Fall,3,SEP,360,0,0,L2B_360_B
L2B,0.07,19.84,0,2023-09-12,Fall,3,SEP,361,0,0,L2B_361_B
L2B,0.09,21.24,0,2023-09-12,Fall,3,SEP,362,0,0,L2B_362_B
L2B,0.126,22.64,1,2023-09-12,Fall,3,SEP,363,1e-4,1e-4,L2B_363_B
L2B,0.079,18.75,0,2023-09-12,Fall,3,SEP,364,0,0,L2B_364_B
L2B,0.093,21.18,0,2023-09-12,Fall,3,SEP,365,0,0,L2B_365_B
L2B,0.063,18.58,0,2023-09-12,Fall,3,SEP,366,0,0,L2B_366_B
L2B,0.082,19.17,0,2023-09-12,Fall,3,SEP,367,0,0,L2B_367_B
L2B,0.082,18.86,0,2023-09-12,Fall,3,SEP,368,0,0,L2B_368_B
L2B,0.047,15.45,0,2023-09-12,Fall,3,SEP,369,0,0,L2B_369_B
L2B,0.06,17.01,0,2023-09-12,Fall,3,SEP,370,0,0,L2B_370_B
PCH,0.102,21.17,0,2023-09-12,Fall,3,SEP,371,0,0,PCH_371_B
PCH,0.276,30.5,2,2023-09-12,Fall,3,SEP,372,0.008,0.008,PCH_372_B
PCH,0.174,26.85,1,2023-09-12,Fall,3,SEP,373,1e-4,1e-4,PCH_373_B
PCH,0.235,28.11,0,2023-09-12,Fall,3,SEP,374,0,0,PCH_374_B
PCH,0.233,28.86,0,2023-09-12,Fall,3,SEP,375,0,0,PCH_375_B
PCH,0.22,29.02,0,2023-09-12,Fall,3,SEP,376,0,0,PCH_376_B
PCH,0.138,24.32,0,2023-09-12,Fall,3,SEP,377,0,0,PCH_377_B
PCH,0.239,27.71,1,2023-09-12,Fall,3,SEP,378,0.0289,0.0289,PCH_378_B
PCH,0.102,22.41,0,2023-09-12,Fall,3,SEP,379,0,0,PCH_379_B
PCH,0.118,23.25,0,2023-09-12,Fall,3,SEP,380,0,0,PCH_380_B
PCH,0.379,32.66,1,2023-09-12,Fall,3,SEP,381,0.0508,0.0508,PCH_381_B
PCH,0.196,27.27,0,2023-09-12,Fall,3,SEP,382,0,0,PCH_382_B
PCH,0.148,24.7,0,2023-09-12,Fall,3,SEP,383,0,0,PCH_383_B
PCH,0.16,24.38,1,2023-09-12,Fall,3,SEP,384,0.0103,0.0103,PCH_384_B
PCH,0.088,23.11,0,2023-09-12,Fall,3,SEP,385,0,0,PCH_385_B
PCH,0.182,29.45,0,2023-09-12,Fall,3,SEP,386,0,0,PCH_386_B
PCH,0.194,26.2,1,2023-09-12,Fall,3,SEP,387,0.0149,0.0149,PCH_387_B
PCH,0.326,30,1,2023-09-12,Fall,3,SEP,388,0.0404,0.0404,PCH_388_B
PCH,0.103,21.68,0,2023-09-12,Fall,3,SEP,389,0,0,PCH_389_B
PCH,0.185,26.37,0,2023-09-12,Fall,3,SEP,390,0,0,PCH_390_B
PCH,0.313,31.62,0,2023-09-12,Fall,3,SEP,391,0,0,PCH_391_B
PCH,0.292,30.62,0,2023-09-12,Fall,3,SEP,392,0,0,PCH_392_B
PCH,0.217,29.45,0,2023-09-12,Fall,3,SEP,393,0,0,PCH_393_B
PCH,0.178,27.1,0,2023-09-12,Fall,3,SEP,394,0,0,PCH_394_B
PCH,0.236,29.25,0,2023-09-12,Fall,3,SEP,395,0,0,PCH_395_B
PCH,0.219,28.27,0,2023-09-12,Fall,3,SEP,396,0,0,PCH_396_B
PCH,0.154,24.53,0,2023-09-12,Fall,3,SEP,397,0,0,PCH_397_B
PCH,0.203,27.63,0,2023-09-12,Fall,3,SEP,398,0,0,PCH_398_B
PCH,0.098,21.67,0,2023-09-12,Fall,3,SEP,399,0,0,PCH_399_B
PCH,0.106,22.22,0,2023-09-12,Fall,3,SEP,400,0,0,PCH_400_B
PCH,0.171,26.43,2,2023-09-12,Fall,3,SEP,401,0.0041,0.0041,PCH_401_B
PCH,0.247,30.51,1,2023-09-12,Fall,3,SEP,402,0.0014,0.0014,PCH_402_B
PCH,0.071,19,1,2023-09-12,Fall,3,SEP,403,1e-4,1e-4,PCH_403_B
PCH,0.122,24.77,0,2023-09-12,Fall,3,SEP,404,0,0,PCH_404_B
PCH,0.255,29.15,1,2023-09-12,Fall,3,SEP,405,0.0289,0.0289,PCH_405_B
PCH,0.145,24.66,0,2023-09-12,Fall,3,SEP,406,0,0,PCH_406_B
PCH,0.283,30.59,0,2023-09-12,Fall,3,SEP,407,0,0,PCH_407_B
PCH,0.333,31.19,1,2023-09-12,Fall,3,SEP,408,0.0425,0.0425,PCH_408_B
PCH,0.214,28.43,2,2023-09-12,Fall,3,SEP,409,0.0073,0.0073,PCH_409_B
PCH,0.215,29.53,0,2023-09-12,Fall,3,SEP,410,0,0,PCH_410_B
PCH,0.191,28.17,0,2023-09-12,Fall,3,SEP,411,0,0,PCH_411_B
PCH,0.2,27.51,0,2023-09-12,Fall,3,SEP,412,0,0,PCH_412_B
PCH,0.136,24.72,0,2023-09-12,Fall,3,SEP,413,0,0,PCH_413_B
PCH,0.221,28.85,0,2023-09-12,Fall,3,SEP,414,0,0,PCH_414_B
PCH,0.24,29.28,1,2023-09-12,Fall,3,SEP,415,0.0042,0.0042,PCH_415_B
PCH,0.294,29.35,1,2023-09-12,Fall,3,SEP,416,0.0232,0.0232,PCH_416_B
PCH,0.205,28.42,0,2023-09-12,Fall,3,SEP,417,0,0,PCH_417_B
PCH,0.158,25.54,1,2023-09-12,Fall,3,SEP,418,0.0011,0.0011,PCH_418_B
PCH,0.187,26.95,0,2023-09-12,Fall,3,SEP,419,0,0,PCH_419_B
PCH,0.247,29.53,0,2023-09-12,Fall,3,SEP,420,0,0,PCH_420_B
PCH,0.2,27.57,0,2023-09-12,Fall,3,SEP,421,0,0,PCH_421_B
PCH,0.198,27.55,0,2023-09-12,Fall,3,SEP,422,0,0,PCH_422_B
PCH,0.208,27.24,1,2023-09-12,Fall,3,SEP,423,0.0223,0.0223,PCH_423_B
PCH,0.192,27.2,0,2023-09-12,Fall,3,SEP,424,0,0,PCH_424_B
PCH,0.257,29.21,0,2023-09-12,Fall,3,SEP,425,0,0,PCH_425_B
L2B,0.138,23.14,1,2023-09-13,Fall,3,SEP,426,1e-4,1e-4,L2B_426_B
L2B,0.08,19.19,0,2023-09-13,Fall,3,SEP,427,0,0,L2B_427_B
L2B,0.064,16.79,0,2023-09-13,Fall,3,SEP,428,0,0,L2B_428_B
L2B,0.139,21.81,0,2023-09-13,Fall,3,SEP,429,0,0,L2B_429_B
L2B,0.26,27.1,1,2023-09-13,Fall,3,SEP,430,0.004,0.004,L2B_430_B
FRE,0.044,17.07,0,2023-09-13,Fall,3,SEP,431,0,0,FRE_431_B
FRE,0.053,18.33,0,2023-09-13,Fall,3,SEP,432,0,0,FRE_432_B
FRE,0.101,23.37,0,2023-09-13,Fall,3,SEP,433,0,0,FRE_433_B
FRE,0.115,22.85,0,2023-09-13,Fall,3,SEP,434,0,0,FRE_434_B
FRE,0.046,18.22,0,2023-09-13,Fall,3,SEP,435,0,0,FRE_435_B
FRE,0.101,23.65,0,2023-09-13,Fall,3,SEP,436,0,0,FRE_436_B
FRE,0.102,22.67,0,2023-09-13,Fall,3,SEP,437,0,0,FRE_437_B
FRE,0.065,19.95,0,2023-09-13,Fall,3,SEP,438,0,0,FRE_438_B
FRE,0.073,20.52,0,2023-09-13,Fall,3,SEP,439,0,0,FRE_439_B
FRE,0.147,24.19,0,2023-09-13,Fall,3,SEP,440,0,0,FRE_440_B
FRE,0.105,24.03,0,2023-09-13,Fall,3,SEP,441,0,0,FRE_441_B
RSS,0.118,21.42,0,2023-09-13,Fall,3,SEP,442,0,0,RSS_442_B
RSS,0.231,27.58,0,2023-09-13,Fall,3,SEP,443,0,0,RSS_443_B
RSS,0.07,18.69,0,2023-09-13,Fall,3,SEP,444,0,0,RSS_444_B
RSS,0.077,20.02,0,2023-09-13,Fall,3,SEP,445,0,0,RSS_445_B
RSS,0.247,28.45,0,2023-09-13,Fall,3,SEP,446,0,0,RSS_446_B
RSS,0.109,22.88,0,2023-09-13,Fall,3,SEP,447,0,0,RSS_447_B
RSS,0.099,21.89,0,2023-09-13,Fall,3,SEP,448,0,0,RSS_448_B
RSS,0.353,32.12,0,2023-09-13,Fall,3,SEP,449,0,0,RSS_449_B
RSS,0.07,19.57,0,2023-09-13,Fall,3,SEP,450,0,0,RSS_450_B
RSS,0.186,26.43,1,2023-09-13,Fall,3,SEP,451,4e-4,4e-4,RSS_451_B
RSS,0.299,30.57,1,2023-09-13,Fall,3,SEP,452,0.0179,0.0179,RSS_452_B
RSS,0.222,28.17,0,2023-09-13,Fall,3,SEP,453,0,0,RSS_453_B
RSS,0.151,25.1,1,2023-09-13,Fall,3,SEP,454,0.0023,0.0023,RSS_454_B
RSS,0.201,27.26,0,2023-09-13,Fall,3,SEP,455,0,0,RSS_455_B
RSS,0.073,19.89,1,2023-09-13,Fall,3,SEP,456,7e-4,7e-4,RSS_456_B
RSS,0.33,32.48,0,2023-09-13,Fall,3,SEP,457,0,0,RSS_457_B
RSS,0.184,26.01,0,2023-09-13,Fall,3,SEP,458,0,0,RSS_458_B
RSS,0.215,28.22,0,2023-09-13,Fall,3,SEP,459,0,0,RSS_459_B
L2B,0.064,19.45,0,2023-09-14,Fall,3,SEP,460,0,0,L2B_460_B
L2B,0.05,16.53,0,2023-09-14,Fall,3,SEP,461,0,0,L2B_461_B
L2B,0.089,21.11,0,2023-09-14,Fall,3,SEP,462,0,0,L2B_462_B
L2B,0.132,23.65,0,2023-09-14,Fall,3,SEP,463,0,0,L2B_463_B
L2B,0.086,21.09,0,2023-09-14,Fall,3,SEP,464,0,0,L2B_464_B
L2B,0.113,20.38,3,2023-09-14,Fall,3,SEP,465,0.0149,0.0149,L2B_465_B
L2B,0.102,21.6,0,2023-09-14,Fall,3,SEP,466,0,0,L2B_466_B
L2B,0.05,16.3,2,2023-09-14,Fall,3,SEP,467,0.0085,0.0085,L2B_467_B
L2B,0.079,19.9,0,2023-09-14,Fall,3,SEP,468,0,0,L2B_468_B
L2B,0.084,18.9,0,2023-09-14,Fall,3,SEP,469,0,0,L2B_469_B
L2B,0.122,23.65,0,2023-09-14,Fall,3,SEP,470,0,0,L2B_470_B
L2B,0.089,18.71,1,2023-09-14,Fall,3,SEP,471,0.0023,0.0023,L2B_471_B
L2B,0.075,19.01,0,2023-09-14,Fall,3,SEP,472,0,0,L2B_472_B
L2B,0.069,19.39,0,2023-09-14,Fall,3,SEP,473,0,0,L2B_473_B
L2B,0.057,17.36,0,2023-09-14,Fall,3,SEP,474,0,0,L2B_474_B
L2B,0.083,19.74,0,2023-09-14,Fall,3,SEP,475,0,0,L2B_475_B
L2B,0.076,18.85,0,2023-09-14,Fall,3,SEP,476,0,0,L2B_476_B
L2B,0.138,23.25,0,2023-09-14,Fall,3,SEP,477,0,0,L2B_477_B
L2B,0.12,21.59,2,2023-09-14,Fall,3,SEP,478,0.0015,0.0015,L2B_478_B
L2B,0.153,23.34,0,2023-09-14,Fall,3,SEP,479,0,0,L2B_479_B
L2B,0.1,21.75,0,2023-09-14,Fall,3,SEP,480,0,0,L2B_480_B
L2B,0.129,22.2,0,2023-09-14,Fall,3,SEP,481,0,0,L2B_481_B
L2B,0.084,20.16,0,2023-09-14,Fall,3,SEP,482,0,0,L2B_482_B
L2B,0.11,21.4,0,2023-09-14,Fall,3,SEP,483,0,0,L2B_483_B
L2B,0.14,22.63,1,2023-09-14,Fall,3,SEP,484,0.0071,0.0071,L2B_484_B
L2B,0.128,22.49,0,2023-09-14,Fall,3,SEP,485,0,0,L2B_485_B
L2B,0.11,21.98,1,2023-09-14,Fall,3,SEP,486,0.0031,0.0031,L2B_486_B
L2B,0.075,20.15,0,2023-09-14,Fall,3,SEP,487,0,0,L2B_487_B
L2B,0.055,18.04,0,2023-09-14,Fall,3,SEP,488,0,0,L2B_488_B
L2B,0.035,19.62,0,2023-09-14,Fall,3,SEP,489,0,0,L2B_489_B
BLA,0.034,16.55,0,2023-08-18,Summer,2,AUG,490,0,0,BLA_490_B
BLA,0.066,18.87,1,2023-08-18,Summer,2,AUG,491,0.0012,0.0012,BLA_491_B
BLA,0.057,18.97,0,2023-08-18,Summer,2,AUG,492,0,0,BLA_492_B
BLA,0.022,13.46,0,2023-08-18,Summer,2,AUG,493,0,0,BLA_493_B
BLA,0.021,14.88,0,2023-08-18,Summer,2,AUG,494,0,0,BLA_494_B
BLA,0.059,17.34,0,2023-08-18,Summer,2,AUG,495,0,0,BLA_495_B
BLA,0.023,13.92,0,2023-08-18,Summer,2,AUG,496,0,0,BLA_496_B
BLA,0.04,17.06,0,2023-08-18,Summer,2,AUG,497,0,0,BLA_497_B
BLA,0.062,19.49,0,2023-08-18,Summer,2,AUG,498,0,0,BLA_498_B
BLA,0.039,16.79,0,2023-08-18,Summer,2,AUG,499,0,0,BLA_499_B
BLA,0.039,17.57,0,2023-08-18,Summer,2,AUG,500,0,0,BLA_500_B
BLA,0.027,13.68,0,2023-08-18,Summer,2,AUG,501,0,0,BLA_501_B
BLA,0.052,17.74,0,2023-08-18,Summer,2,AUG,502,0,0,BLA_502_B
BLA,0.028,15.22,0,2023-08-18,Summer,2,AUG,503,0,0,BLA_503_B
BLA,0.055,17.9,0,2023-08-18,Summer,2,AUG,504,0,0,BLA_504_B
BLA,0.03,15.8,0,2023-08-18,Summer,2,AUG,505,0,0,BLA_505_B
BLA,0.037,14.31,0,2023-08-18,Summer,2,AUG,506,0,0,BLA_506_B
BLA,0.064,19.45,0,2023-08-18,Summer,2,AUG,507,0,0,BLA_507_B
BLA,0.05,18.68,0,2023-08-18,Summer,2,AUG,508,0,0,BLA_508_B
BLA,0.027,15.78,0,2023-08-18,Summer,2,AUG,509,0,0,BLA_509_B
SRA,0.145,23.65,0,2023-09-10,Fall,3,SEP,510,0,0,SRA_510_B
SRA,0.15,25.17,0,2023-09-10,Fall,3,SEP,511,0,0,SRA_511_B
SRA,0.248,27.35,1,2023-09-10,Fall,3,SEP,512,2e-4,2e-4,SRA_512_B
SRA,0.17,25.79,0,2023-09-10,Fall,3,SEP,513,0,0,SRA_513_B
SRA,0.248,28.7,0,2023-09-10,Fall,3,SEP,514,0,0,SRA_514_B
SRA,0.154,22.49,0,2023-09-10,Fall,3,SEP,515,0,0,SRA_515_B
SRA,0.294,30.81,1,2023-09-10,Fall,3,SEP,516,1e-4,1e-4,SRA_516_B
SRA,0.047,15.78,0,2023-09-10,Fall,3,SEP,517,0,0,SRA_517_B
SRA,0.506,24.82,0,2023-09-10,Fall,3,SEP,518,0,0,SRA_518_B
SRA,0.131,23.42,0,2023-09-10,Fall,3,SEP,519,0,0,SRA_519_B
SRA,0.261,30.34,0,2023-09-10,Fall,3,SEP,520,0,0,SRA_520_B
SRA,0.192,25.47,0,2023-09-10,Fall,3,SEP,521,0,0,SRA_521_B
SRA,0.27,25.46,0,2023-09-10,Fall,3,SEP,522,0,0,SRA_522_B
SRA,0.189,26.59,0,2023-09-10,Fall,3,SEP,523,0,0,SRA_523_B
SRA,0.068,19.32,0,2023-09-10,Fall,3,SEP,524,0,0,SRA_524_B
SRA,0.332,31.58,0,2023-09-10,Fall,3,SEP,525,0,0,SRA_525_B
SRA,0.275,30.68,0,2023-09-10,Fall,3,SEP,526,0,0,SRA_526_B
SRA,0.157,26.38,0,2023-09-10,Fall,3,SEP,527,0,0,SRA_527_B
SRA,0.178,25.42,1,2023-09-10,Fall,3,SEP,528,1e-4,1e-4,SRA_528_B
SRA,0.138,24.24,0,2023-09-10,Fall,3,SEP,529,0,0,SRA_529_B
SRA,0.208,28.62,0,2023-09-10,Fall,3,SEP,530,0,0,SRA_530_B
SRA,0.384,32.94,0,2023-09-10,Fall,3,SEP,531,0,0,SRA_531_B
SRA,0.155,24.17,0,2023-09-10,Fall,3,SEP,532,0,0,SRA_532_B
SRA,0.142,24.39,0,2023-09-10,Fall,3,SEP,533,0,0,SRA_533_B
SRA,0.196,26.36,0,2023-09-10,Fall,3,SEP,534,0,0,SRA_534_B
SRA,0.101,22.12,0,2023-09-10,Fall,3,SEP,535,0,0,SRA_535_B
SRA,0.222,29.59,0,2023-09-10,Fall,3,SEP,536,0,0,SRA_536_B
SRA,0.27,29.14,0,2023-09-10,Fall,3,SEP,537,0,0,SRA_537_B
SRA,0.174,26.38,0,2023-09-10,Fall,3,SEP,538,0,0,SRA_538_B
SRA,0.288,30.47,0,2023-09-10,Fall,3,SEP,539,0,0,SRA_539_B
SRA,0.22,28.57,0,2023-09-10,Fall,3,SEP,540,0,0,SRA_540_B
SRA,0.155,25.94,0,2023-09-10,Fall,3,SEP,541,0,0,SRA_541_B
SRA,0.299,30.32,0,2023-09-10,Fall,3,SEP,542,0,0,SRA_542_B
SRA,0.115,23.61,0,2023-09-10,Fall,3,SEP,543,0,0,SRA_543_B
SRA,0.174,24.69,0,2023-09-10,Fall,3,SEP,544,0,0,SRA_544_B
BLA,0.213,27.39,0,2023-09-11,Fall,3,SEP,545,0,0,BLA_545_B
BLA,0.118,22.64,0,2023-09-11,Fall,3,SEP,546,0,0,BLA_546_B
BLA,0.222,27.09,0,2023-09-11,Fall,3,SEP,547,0,0,BLA_547_B
BLA,0.176,26.43,0,2023-09-11,Fall,3,SEP,548,0,0,BLA_548_B
BLA,0.256,29.02,0,2023-09-11,Fall,3,SEP,549,0,0,BLA_549_B
BLA,0.193,27.94,0,2023-09-11,Fall,3,SEP,550,0,0,BLA_550_B
BLA,0.267,30.19,0,2023-09-11,Fall,3,SEP,551,0,0,BLA_551_B
BLA,0.136,22.24,0,2023-09-11,Fall,3,SEP,552,0,0,BLA_552_B
BLA,0.169,26.02,0,2023-09-11,Fall,3,SEP,553,0,0,BLA_553_B
BLA,0.148,24.25,0,2023-09-11,Fall,3,SEP,554,0,0,BLA_554_B
BLA,0.142,24.59,0,2023-09-11,Fall,3,SEP,555,0,0,BLA_555_B
BLA,0.199,26.01,0,2023-09-11,Fall,3,SEP,556,0,0,BLA_556_B
BLA,0.216,27.57,0,2023-09-11,Fall,3,SEP,557,0,0,BLA_557_B
BLA,0.335,32.71,0,2023-09-11,Fall,3,SEP,558,0,0,BLA_558_B
BLA,0.283,30.33,0,2023-09-11,Fall,3,SEP,559,0,0,BLA_559_B
BLA,0.388,33.99,1,2023-09-11,Fall,3,SEP,560,0.0011,0.0011,BLA_560_B
BLA,0.209,28.32,0,2023-09-11,Fall,3,SEP,561,0,0,BLA_561_B
BLA,0.298,30.68,0,2023-09-11,Fall,3,SEP,562,0,0,BLA_562_B
BLA,0.249,28.9,0,2023-09-11,Fall,3,SEP,563,0,0,BLA_563_B
BLA,0.163,26.76,0,2023-09-11,Fall,3,SEP,564,0,0,BLA_564_B
BLA,0.161,24.52,0,2023-09-11,Fall,3,SEP,565,0,0,BLA_565_B
BLA,0.136,23.5,0,2023-09-11,Fall,3,SEP,566,0,0,BLA_566_B
BLA,0.204,26.3,0,2023-09-11,Fall,3,SEP,567,0,0,BLA_567_B
BLA,0.243,29.72,0,2023-09-11,Fall,3,SEP,568,0,0,BLA_568_B
BLA,0.208,26.67,0,2023-09-11,Fall,3,SEP,569,0,0,BLA_569_B
SUG,0.144,26.53,0,2023-09-11,Fall,3,SEP,570,0,0,SUG_570_B
SUG,0.122,24.3,2,2023-09-11,Fall,3,SEP,571,0.0024,0.0024,SUG_571_B
SUG,0.152,25.57,0,2023-09-11,Fall,3,SEP,572,0,0,SUG_572_B
SUG,0.176,26.53,0,2023-09-11,Fall,3,SEP,573,0,0,SUG_573_B
SUG,0.115,23.64,0,2023-09-11,Fall,3,SEP,574,0,0,SUG_574_B
SUG,0.057,18.39,0,2023-09-11,Fall,3,SEP,575,0,0,SUG_575_B
SUG,0.237,29.26,0,2023-09-11,Fall,3,SEP,576,0,0,SUG_576_B
SUG,0.167,25.41,1,2023-09-11,Fall,3,SEP,577,0.0124,0.0124,SUG_577_B
SUG,0.261,29.56,0,2023-09-11,Fall,3,SEP,578,0,0,SUG_578_B
SUG,0.164,25.85,0,2023-09-11,Fall,3,SEP,579,0,0,SUG_579_B
SUG,0.177,27.6,0,2023-09-11,Fall,3,SEP,580,0,0,SUG_580_B
SUG,0.12,23.79,0,2023-09-11,Fall,3,SEP,581,0,0,SUG_581_B
SUG,0.149,27.61,0,2023-09-11,Fall,3,SEP,582,0,0,SUG_582_B
SUG,0.122,23.77,0,2023-09-11,Fall,3,SEP,583,0,0,SUG_583_B
SUG,0.138,23.95,1,2023-09-11,Fall,3,SEP,584,0.0052,0.0052,SUG_584_B
SUG,0.205,29.55,0,2023-09-11,Fall,3,SEP,585,0,0,SUG_585_B
SUG,0.212,27.81,0,2023-09-11,Fall,3,SEP,586,0,0,SUG_586_B
SUG,0.155,26.21,0,2023-09-11,Fall,3,SEP,587,0,0,SUG_587_B
SUG,0.062,18.83,0,2023-09-11,Fall,3,SEP,588,0,0,SUG_588_B
SUG,0.116,22.66,0,2023-09-11,Fall,3,SEP,589,0,0,SUG_589_B
SUG,0.185,26.32,1,2023-09-11,Fall,3,SEP,590,0.0013,0.0013,SUG_590_B
SUG,0.177,27.22,0,2023-09-11,Fall,3,SEP,591,0,0,SUG_591_B
SUG,0.146,24.51,0,2023-09-11,Fall,3,SEP,592,0,0,SUG_592_B
SUG,0.138,25.25,0,2023-09-11,Fall,3,SEP,593,0,0,SUG_593_B
SUG,0.106,22.14,0,2023-09-11,Fall,3,SEP,594,0,0,SUG_594_B
SUG,0.111,23.33,0,2023-09-11,Fall,3,SEP,595,0,0,SUG_595_B
SRA,0.185,25.47,0,2023-09-11,Fall,3,SEP,596,0,0,SRA_596_B
SRA,0.175,26.14,0,2023-09-11,Fall,3,SEP,597,0,0,SRA_597_B
SRA,0.126,25.55,0,2023-09-11,Fall,3,SEP,598,0,0,SRA_598_B
SRA,0.07,20.23,0,2023-09-11,Fall,3,SEP,599,0,0,SRA_599_B
SRA,0.16,23.77,0,2023-09-11,Fall,3,SEP,600,0,0,SRA_600_B
SRA,0.236,28.84,0,2023-09-11,Fall,3,SEP,601,0,0,SRA_601_B
SRA,0.146,24.64,0,2023-09-11,Fall,3,SEP,602,0,0,SRA_602_B
SRA,0.155,24.62,0,2023-09-11,Fall,3,SEP,603,0,0,SRA_603_B
SRA,0.147,24.64,0,2023-09-11,Fall,3,SEP,604,0,0,SRA_604_B
SRA,0.1,22.45,0,2023-09-11,Fall,3,SEP,605,0,0,SRA_605_B
SRA,0.132,24.4,0,2023-09-11,Fall,3,SEP,606,0,0,SRA_606_B
SRA,0.084,20.92,0,2023-09-11,Fall,3,SEP,607,0,0,SRA_607_B
SRA,0.202,27.17,0,2023-09-11,Fall,3,SEP,608,0,0,SRA_608_B
SRA,0.113,22.33,0,2023-09-11,Fall,3,SEP,609,0,0,SRA_609_B
SRA,0.082,22.36,0,2023-09-11,Fall,3,SEP,610,0,0,SRA_610_B
BLA,0.204,28.25,0,2023-09-11,Fall,3,SEP,611,0,0,BLA_611_B
BLA,0.103,21.64,0,2023-09-11,Fall,3,SEP,612,0,0,BLA_612_B
BLA,0.064,19.5,0,2023-09-11,Fall,3,SEP,613,0,0,BLA_613_B
BLA,0.272,28.87,1,2023-09-11,Fall,3,SEP,614,0.0379,0.0379,BLA_614_B
BLA,0.126,24.17,0,2023-09-11,Fall,3,SEP,615,0,0,BLA_615_B
BLA,0.1,22.75,0,2023-09-11,Fall,3,SEP,616,0,0,BLA_616_B
BLA,0.207,27.76,0,2023-09-11,Fall,3,SEP,617,0,0,BLA_617_B
BLA,0.249,29.5,0,2023-09-11,Fall,3,SEP,618,0,0,BLA_618_B
BLA,0.205,27.99,0,2023-09-11,Fall,3,SEP,619,0,0,BLA_619_B
BLA,0.238,27.92,0,2023-09-11,Fall,3,SEP,620,0,0,BLA_620_B
BLA,0.422,33.84,0,2023-09-11,Fall,3,SEP,621,0,0,BLA_621_B
BLA,0.241,28.88,1,2023-09-11,Fall,3,SEP,622,0.0202,0.0202,BLA_622_B
BLA,0.143,24.5,0,2023-09-11,Fall,3,SEP,623,0,0,BLA_623_B
BLA,0.241,30.55,0,2023-09-11,Fall,3,SEP,624,0,0,BLA_624_B
BLA,0.231,30.03,0,2023-09-11,Fall,3,SEP,625,0,0,BLA_625_B
BLA,0.203,27.01,0,2023-09-11,Fall,3,SEP,626,0,0,BLA_626_B
BLA,0.332,31.63,0,2023-09-11,Fall,3,SEP,627,0,0,BLA_627_B
BLA,0.185,28.03,0,2023-09-11,Fall,3,SEP,628,0,0,BLA_628_B
BLA,0.294,30.6,0,2023-09-11,Fall,3,SEP,629,0,0,BLA_629_B
BLA,0.162,26.24,0,2023-09-11,Fall,3,SEP,630,0,0,BLA_630_B
BLA,0.24,28.02,1,2023-09-11,Fall,3,SEP,631,0.0323,0.0323,BLA_631_B
FRE,0.166,27.44,1,2023-09-12,Fall,3,SEP,632,0.0084,0.0084,FRE_632_B
FRE,0.064,21.54,0,2023-09-12,Fall,3,SEP,633,0,0,FRE_633_B
FRE,0.05,18.08,0,2023-09-12,Fall,3,SEP,634,0,0,FRE_634_B
FRE,0.046,18.54,0,2023-09-12,Fall,3,SEP,635,0,0,FRE_635_B
FRE,0.05,19.56,0,2023-09-12,Fall,3,SEP,636,0,0,FRE_636_B
FRE,0.124,24.73,1,2023-09-12,Fall,3,SEP,637,0.0028,0.0028,FRE_637_B
FRE,0.116,24.99,0,2023-09-12,Fall,3,SEP,638,0,0,FRE_638_B
FRE,0.068,22.25,0,2023-09-12,Fall,3,SEP,639,0,0,FRE_639_B
FRE,0.044,18.6,0,2023-09-12,Fall,3,SEP,640,0,0,FRE_640_B
FRE,0.167,26.3,1,2023-09-12,Fall,3,SEP,641,0.026,0.026,FRE_641_B
FRE,0.057,20.41,0,2023-09-12,Fall,3,SEP,642,0,0,FRE_642_B
FRE,0.042,18.1,0,2023-09-12,Fall,3,SEP,643,0,0,FRE_643_B
FRE,0.033,17.42,0,2023-09-12,Fall,3,SEP,644,0,0,FRE_644_B
FRE,0.048,18.48,0,2023-09-12,Fall,3,SEP,645,0,0,FRE_645_B
FRE,0.061,19.91,0,2023-09-12,Fall,3,SEP,646,0,0,FRE_646_B
FRE,0.038,17.21,0,2023-09-12,Fall,3,SEP,647,0,0,FRE_647_B
FRE,0.035,16.4,0,2023-09-12,Fall,3,SEP,648,0,0,FRE_648_B
FRE,0.09,22.7,0,2023-09-12,Fall,3,SEP,649,0,0,FRE_649_B
SRA,0.028,12.03,0,2023-07-22,Summer,1,JUL.23,650,0,0,SRA_650_B
SRA,0.031,14.63,0,2023-07-22,Summer,1,JUL.23,651,0,0,SRA_651_B
SRA,0.058,17.26,0,2023-07-22,Summer,1,JUL.23,652,0,0,SRA_652_B
SRA,0.035,14.73,0,2023-07-22,Summer,1,JUL.23,653,0,0,SRA_653_B
SRA,0.032,15.28,0,2023-07-22,Summer,1,JUL.23,654,0,0,SRA_654_B
SRA,0.07,18.92,0,2023-07-22,Summer,1,JUL.23,655,0,0,SRA_655_B
SRA,0.097,19.36,0,2023-07-22,Summer,1,JUL.23,656,0,0,SRA_656_B
SRA,0.06,16.8,0,2023-07-22,Summer,1,JUL.23,657,0,0,SRA_657_B
SRA,0.072,17.13,0,2023-07-22,Summer,1,JUL.23,658,0,0,SRA_658_B
SRA,0.066,18.44,0,2023-07-22,Summer,1,JUL.23,659,0,0,SRA_659_B
SRA,0.03,13.49,0,2023-07-22,Summer,1,JUL.23,660,0,0,SRA_660_B
SRA,0.07,17.23,0,2023-07-22,Summer,1,JUL.23,661,0,0,SRA_661_B
SRA,0.069,18.51,0,2023-07-22,Summer,1,JUL.23,662,0,0,SRA_662_B
SRA,0.068,16.94,0,2023-07-22,Summer,1,JUL.23,663,0,0,SRA_663_B
SRA,0.086,18.76,0,2023-07-22,Summer,1,JUL.23,664,0,0,SRA_664_B
SRA,0.088,19.62,0,2023-07-22,Summer,1,JUL.23,665,0,0,SRA_665_B
SRA,0.05,16.93,0,2023-07-22,Summer,1,JUL.23,666,0,0,SRA_666_B
SRA,0.062,17.76,0,2023-07-22,Summer,1,JUL.23,667,0,0,SRA_667_B
SRA,0.039,15.84,0,2023-07-22,Summer,1,JUL.23,668,0,0,SRA_668_B
SRA,0.067,18.86,0,2023-07-22,Summer,1,JUL.23,669,0,0,SRA_669_B
SRA,0.032,15.88,0,2023-07-22,Summer,1,JUL.23,670,0,0,SRA_670_B
SUG,0.128,23.35,1,2023-07-22,Summer,1,JUL.23,671,6e-4,6e-4,SUG_671_B
SUG,0.114,23.52,1,2023-07-22,Summer,1,JUL.23,672,1e-4,1e-4,SUG_672_B
SUG,0.12,NA,0,2023-07-22,Summer,1,JUL.23,673,0,0,SUG_673_B
SUG,0.062,19.24,0,2023-07-22,Summer,1,JUL.23,674,0,0,SUG_674_B
SUG,0.138,24.54,0,2023-07-22,Summer,1,JUL.23,675,0,0,SUG_675_B
SUG,0.093,23.08,0,2023-07-22,Summer,1,JUL.23,676,0,0,SUG_676_B
SUG,0.061,20.48,0,2023-07-22,Summer,1,JUL.23,677,0,0,SUG_677_B
SUG,0.054,18.49,0,2023-07-22,Summer,1,JUL.23,678,0,0,SUG_678_B
SUG,0.066,20.26,0,2023-07-22,Summer,1,JUL.23,679,0,0,SUG_679_B
SUG,0.155,23.63,0,2023-07-22,Summer,1,JUL.23,680,0,0,SUG_680_B
SUG,0.106,22.82,0,2023-07-22,Summer,1,JUL.23,681,0,0,SUG_681_B
SUG,0.102,22.27,0,2023-07-22,Summer,1,JUL.23,682,0,0,SUG_682_B
SUG,0.103,23.78,0,2023-07-22,Summer,1,JUL.23,683,0,0,SUG_683_B
SUG,0.082,20.43,0,2023-07-22,Summer,1,JUL.23,684,0,0,SUG_684_B
SUG,0.053,18.37,0,2023-07-22,Summer,1,JUL.23,685,0,0,SUG_685_B
SUG,0.092,23.45,0,2023-07-22,Summer,1,JUL.23,686,0,0,SUG_686_B
SUG,0.102,23.02,0,2023-07-22,Summer,1,JUL.23,687,0,0,SUG_687_B
SUG,0.064,18.8,0,2023-07-22,Summer,1,JUL.23,688,0,0,SUG_688_B
SUG,0.044,16.74,0,2023-07-22,Summer,1,JUL.23,689,0,0,SUG_689_B
SUG,0.144,26.2,0,2023-07-22,Summer,1,JUL.23,690,0,0,SUG_690_B
SUG,0.08,21.75,0,2023-07-22,Summer,1,JUL.23,691,0,0,SUG_691_B
SUG,0.033,14.85,0,2023-07-22,Summer,1,JUL.23,692,0,0,SUG_692_B
SUG,0.093,20.94,0,2023-07-22,Summer,1,JUL.23,693,0,0,SUG_693_B
SUG,0.046,18.28,0,2023-07-22,Summer,1,JUL.23,694,0,0,SUG_694_B
SUG,0.048,17.25,0,2023-07-22,Summer,1,JUL.23,695,0,0,SUG_695_B
SUG,0.065,17.83,0,2023-07-22,Summer,1,JUL.23,696,0,0,SUG_696_B
SUG,0.12,23.02,NA,2023-07-22,Summer,1,JUL.23,697,NA,NA,SUG_697_B
SUG,0.049,17.4,1,2023-07-22,Summer,1,JUL.23,698,1e-4,1e-4,SUG_698_B
SUG,0.07,18.89,0,2023-07-22,Summer,1,JUL.23,699,0,0,SUG_699_B
SUG,0.041,17.41,0,2023-07-22,Summer,1,JUL.23,700,0,0,SUG_700_B
RSS,0.035,15.8,0,2023-07-22,Summer,1,JUL.23,701,0,0,RSS_701_B
RSS,0.051,18.15,0,2023-07-22,Summer,1,JUL.23,702,0,0,RSS_702_B
RSS,0.037,16.1,0,2023-07-22,Summer,1,JUL.23,703,0,0,RSS_703_B
SRA,0.097,21.18,0,2023-07-23,Summer,1,JUL.23,704,0,0,SRA_704_B
SRA,0.093,22.37,0,2023-07-23,Summer,1,JUL.23,705,0,0,SRA_705_B
SRA,0.057,17.83,0,2023-07-23,Summer,1,JUL.23,706,0,0,SRA_706_B
SRA,0.045,16.65,0,2023-07-23,Summer,1,JUL.23,707,0,0,SRA_707_B
SRA,0.053,16.26,0,2023-07-23,Summer,1,JUL.23,708,0,0,SRA_708_B
SRA,0.122,23.25,0,2023-07-23,Summer,1,JUL.23,709,0,0,SRA_709_B
SRA,0.078,19.08,0,2023-07-23,Summer,1,JUL.23,710,0,0,SRA_710_B
SRA,0.045,17.36,0,2023-07-23,Summer,1,JUL.23,711,0,0,SRA_711_B
SRA,0.076,19.61,0,2023-07-23,Summer,1,JUL.23,712,0,0,SRA_712_B
SRA,0.093,22.04,0,2023-07-23,Summer,1,JUL.23,713,0,0,SRA_713_B
SRA,0.106,22.83,0,2023-07-23,Summer,1,JUL.23,714,0,0,SRA_714_B
SRA,0.075,21.79,0,2023-07-23,Summer,1,JUL.23,715,0,0,SRA_715_B
SRA,0.061,18.54,0,2023-07-23,Summer,1,JUL.23,716,0,0,SRA_716_B
SRA,0.041,15.99,0,2023-07-23,Summer,1,JUL.23,717,0,0,SRA_717_B
SRA,0.045,17.72,0,2023-07-23,Summer,1,JUL.23,718,0,0,SRA_718_B
SRA,0.049,17.59,1,2023-07-23,Summer,1,JUL.23,719,1e-4,1e-4,SRA_719_B
SRA,0.066,19.31,0,2023-07-23,Summer,1,JUL.23,720,0,0,SRA_720_B
SRA,0.035,16.52,0,2023-07-23,Summer,1,JUL.23,721,0,0,SRA_721_B
SRA,0.031,15.12,0,2023-07-23,Summer,1,JUL.23,722,0,0,SRA_722_B
SRA,0.043,19.76,0,2023-07-23,Summer,1,JUL.23,723,0,0,SRA_723_B
SRA,0.039,16.47,0,2023-07-23,Summer,1,JUL.23,724,0,0,SRA_724_B
SRA,0.097,21.96,0,2023-07-23,Summer,1,JUL.23,725,0,0,SRA_725_B
SRA,0.043,16.67,0,2023-07-23,Summer,1,JUL.23,726,0,0,SRA_726_B
SRA,0.035,16.02,0,2023-07-23,Summer,1,JUL.23,727,0,0,SRA_727_B
SRA,0.077,19.22,0,2023-07-23,Summer,1,JUL.23,728,0,0,SRA_728_B
SRA,0.029,15.21,0,2023-07-23,Summer,1,JUL.23,729,0,0,SRA_729_B
SRA,0.032,16.21,0,2023-07-23,Summer,1,JUL.23,730,0,0,SRA_730_B
SRA,0.062,18.74,0,2023-07-23,Summer,1,JUL.23,731,0,0,SRA_731_B
SRA,0.046,17.94,0,2023-07-23,Summer,1,JUL.23,732,0,0,SRA_732_B
SRA,0.032,18.25,0,2023-07-23,Summer,1,JUL.23,733,0,0,SRA_733_B
BLA,0.053,17.4,0,2024-07-08,Summer,13,JUL.24,734,0,0,BLA_734_B
BLA,0.044,16.45,0,2024-07-08,Summer,13,JUL.24,735,0,0,BLA_735_B
BLA,0.028,16.23,0,2024-07-08,Summer,13,JUL.24,736,0,0,BLA_736_B
BLA,0.098,21.91,0,2024-07-08,Summer,13,JUL.24,737,0,0,BLA_737_B
BLA,0.052,17.37,0,2024-07-08,Summer,13,JUL.24,738,0,0,BLA_738_B
BLA,0.027,13.96,0,2024-07-08,Summer,13,JUL.24,739,0,0,BLA_739_B
BLA,0.074,18.99,0,2024-07-08,Summer,13,JUL.24,740,0,0,BLA_740_B
BLA,0.102,20.91,0,2024-07-08,Summer,13,JUL.24,741,0,0,BLA_741_B
BLA,0.032,17.59,0,2024-07-08,Summer,13,JUL.24,742,0,0,BLA_742_B
BLA,0.058,17.84,0,2024-07-08,Summer,13,JUL.24,743,0,0,BLA_743_B
BLA,0.079,18.95,0,2024-07-08,Summer,13,JUL.24,744,0,0,BLA_744_B
BLA,0.049,17.1,0,2024-07-08,Summer,13,JUL.24,745,0,0,BLA_745_B
BLA,0.068,19.17,0,2024-07-08,Summer,13,JUL.24,746,0,0,BLA_746_B
BLA,0.079,19.7,0,2024-07-08,Summer,13,JUL.24,747,0,0,BLA_747_B
BLA,0.057,17.97,0,2024-07-08,Summer,13,JUL.24,748,0,0,BLA_748_B
BLA,0.117,21.5,0,2024-07-08,Summer,13,JUL.24,749,0,0,BLA_749_B
BLA,0.1,20.64,0,2024-07-08,Summer,13,JUL.24,750,0,0,BLA_750_B
BLA,0.052,16.26,0,2024-07-08,Summer,13,JUL.24,751,0,0,BLA_751_B
BLA,0.044,15.37,0,2024-07-08,Summer,13,JUL.24,752,0,0,BLA_752_B
BLA,0.029,14.67,0,2024-07-08,Summer,13,JUL.24,753,0,0,BLA_753_B
BLA,0.071,17.94,0,2024-07-08,Summer,13,JUL.24,754,0,0,BLA_754_B
BLA,0.067,16.84,0,2024-07-08,Summer,13,JUL.24,755,0,0,BLA_755_B
L2B,0.068,19.83,1,2024-07-12,Summer,13,JUL.24,756,1e-4,1e-4,L2B_756_B
L2B,0.029,16.19,0,2024-07-12,Summer,13,JUL.24,757,0,0,L2B_757_B
L2B,0.087,20.37,1,2024-07-12,Summer,13,JUL.24,758,1e-4,1e-4,L2B_758_B
L2B,0.158,24.92,2,2024-07-12,Summer,13,JUL.24,759,1e-4,1e-4,L2B_759_B
PCH,0.119,23.19,0,2024-07-11,Summer,13,JUL.24,760,0,0,PCH_760_B
PCH,0.2,26.71,0,2024-07-11,Summer,13,JUL.24,761,0,0,PCH_761_B
PCH,0.118,23.31,0,2024-07-11,Summer,13,JUL.24,762,0,0,PCH_762_B
PCH,0.14,22.67,0,2024-07-11,Summer,13,JUL.24,763,0,0,PCH_763_B
PCH,0.133,23.95,0,2024-07-11,Summer,13,JUL.24,764,0,0,PCH_764_B
PCH,0.206,26.61,0,2024-07-11,Summer,13,JUL.24,765,0,0,PCH_765_B
PCH,0.153,24.24,1,2024-07-11,Summer,13,JUL.24,766,0.0036,0.0036,PCH_766_B
PCH,0.113,21.81,0,2024-07-11,Summer,13,JUL.24,767,0,0,PCH_767_B
PCH,0.139,25.43,0,2024-07-11,Summer,13,JUL.24,768,0,0,PCH_768_B
PCH,0.155,23.97,0,2024-07-11,Summer,13,JUL.24,769,0,0,PCH_769_B
PCH,0.054,18.54,0,2024-07-11,Summer,13,JUL.24,770,0,0,PCH_770_B
PCH,0.05,17.53,0,2024-07-11,Summer,13,JUL.24,771,0,0,PCH_771_B
PCH,0.061,18.59,0,2024-07-11,Summer,13,JUL.24,772,0,0,PCH_772_B
PCH,0.071,20.02,0,2024-07-11,Summer,13,JUL.24,773,0,0,PCH_773_B
PCH,0.176,25.53,0,2024-07-11,Summer,13,JUL.24,774,0,0,PCH_774_B
PCH,0.069,19.71,0,2024-07-11,Summer,13,JUL.24,775,0,0,PCH_775_B
PCH,0.105,20.82,0,2024-07-11,Summer,13,JUL.24,776,0,0,PCH_776_B
PCH,0.149,24.26,0,2024-07-11,Summer,13,JUL.24,777,0,0,PCH_777_B
PCH,0.061,19.48,0,2024-07-11,Summer,13,JUL.24,778,0,0,PCH_778_B
PCH,0.126,22.6,0,2024-07-11,Summer,13,JUL.24,779,0,0,PCH_779_B
PCH,0.088,20.28,0,2024-07-11,Summer,13,JUL.24,780,0,0,PCH_780_B
PCH,0.058,17.1,0,2024-07-11,Summer,13,JUL.24,781,0,0,PCH_781_B
PCH,0.098,19.39,0,2024-07-11,Summer,13,JUL.24,782,0,0,PCH_782_B
PCH,0.077,18.02,0,2024-07-11,Summer,13,JUL.24,783,0,0,PCH_783_B
PCH,0.049,14.17,0,2024-07-11,Summer,13,JUL.24,784,0,0,PCH_784_B
RSS,0.039,16.57,1,2024-07-09,Summer,13,JUL.24,785,1e-4,1e-4,RSS_785_B
RSS,0.069,19.38,0,2024-07-09,Summer,13,JUL.24,786,0,0,RSS_786_B
BLA,0.14,23.67,0,2024-07-08,Summer,13,JUL.24,787,0,0,BLA_787_B
BLA,0.105,20.53,0,2024-07-08,Summer,13,JUL.24,788,0,0,BLA_788_B
BLA,0.084,18.88,0,2024-07-08,Summer,13,JUL.24,789,0,0,BLA_789_B
BLA,0.052,16.36,0,2024-07-08,Summer,13,JUL.24,790,0,0,BLA_790_B
BLA,0.074,18.78,0,2024-07-08,Summer,13,JUL.24,791,0,0,BLA_791_B
BLA,0.218,26.37,0,2024-07-08,Summer,13,JUL.24,792,0,0,BLA_792_B
BLA,0.119,21.23,0,2024-07-08,Summer,13,JUL.24,793,0,0,BLA_793_B
BLA,0.225,27.46,0,2024-07-08,Summer,13,JUL.24,794,0,0,BLA_794_B
BLA,0.209,25.85,0,2024-07-08,Summer,13,JUL.24,795,0,0,BLA_795_B
BLA,0.149,23.09,0,2024-07-08,Summer,13,JUL.24,796,0,0,BLA_796_B
BLA,0.067,18.43,0,2024-07-08,Summer,13,JUL.24,797,0,0,BLA_797_B
BLA,0.08,19.55,0,2024-07-08,Summer,13,JUL.24,798,0,0,BLA_798_B
BLA,0.149,23.27,0,2024-07-08,Summer,13,JUL.24,799,0,0,BLA_799_B
BLA,0.147,23.6,0,2024-07-08,Summer,13,JUL.24,800,0,0,BLA_800_B
BLA,0.019,22.13,0,2024-07-08,Summer,13,JUL.24,801,0,0,BLA_801_B
BLA,0.059,16.88,0,2024-07-08,Summer,13,JUL.24,802,0,0,BLA_802_B
BLA,0.08,19.02,0,2024-07-08,Summer,13,JUL.24,803,0,0,BLA_803_B
BLA,0.06,14.96,0,2024-07-08,Summer,13,JUL.24,804,0,0,BLA_804_B
BLA,0.055,17.22,0,2024-07-08,Summer,13,JUL.24,805,0,0,BLA_805_B
BLA,0.079,19.51,0,2024-07-08,Summer,13,JUL.24,806,0,0,BLA_806_B
BLA,0.075,18.54,0,2024-07-08,Summer,13,JUL.24,807,0,0,BLA_807_B
BLA,0.05,16.43,0,2024-07-08,Summer,13,JUL.24,808,0,0,BLA_808_B
BLA,0.024,12.35,0,2024-07-08,Summer,13,JUL.24,809,0,0,BLA_809_B
SUG,0.04,14.79,0,2024-07-08,Summer,13,JUL.24,810,0,0,SUG_810_B
SUG,0.022,13.4,0,2024-07-08,Summer,13,JUL.24,811,0,0,SUG_811_B
SUG,0.033,15.15,0,2024-07-08,Summer,13,JUL.24,812,0,0,SUG_812_B
SUG,0.07,18.92,0,2024-07-08,Summer,13,JUL.24,813,0,0,SUG_813_B
SUG,0.077,19.56,0,2024-07-08,Summer,13,JUL.24,814,0,0,SUG_814_B
SUG,0.075,19.6,0,2024-07-08,Summer,13,JUL.24,815,0,0,SUG_815_B
SUG,0.039,15.13,0,2024-07-08,Summer,13,JUL.24,816,0,0,SUG_816_B
SUG,0.041,16.68,0,2024-07-08,Summer,13,JUL.24,817,0,0,SUG_817_B
SUG,0.083,20.53,0,2024-07-08,Summer,13,JUL.24,818,0,0,SUG_818_B
SUG,0.057,18.83,0,2024-07-08,Summer,13,JUL.24,819,0,0,SUG_819_B
SUG,0.052,16.36,0,2024-07-08,Summer,13,JUL.24,820,0,0,SUG_820_B
SUG,0.074,19.59,0,2024-07-08,Summer,13,JUL.24,821,0,0,SUG_821_B
SUG,0.031,15.45,0,2024-07-08,Summer,13,JUL.24,822,0,0,SUG_822_B
SUG,0.044,16.91,0,2024-07-08,Summer,13,JUL.24,823,0,0,SUG_823_B
SUG,0.068,18.07,0,2024-07-08,Summer,13,JUL.24,824,0,0,SUG_824_B
SUG,0.053,17.93,0,2024-07-08,Summer,13,JUL.24,825,0,0,SUG_825_B
SUG,0.083,20.39,0,2024-07-08,Summer,13,JUL.24,826,0,0,SUG_826_B
SUG,0.043,16.25,0,2024-07-08,Summer,13,JUL.24,827,0,0,SUG_827_B
SUG,0.02,13.37,0,2024-07-08,Summer,13,JUL.24,828,0,0,SUG_828_B
SUG,0.034,14.9,0,2024-07-08,Summer,13,JUL.24,829,0,0,SUG_829_B
SUG,0.039,16.4,0,2024-07-08,Summer,13,JUL.24,830,0,0,SUG_830_B
SUG,0.046,16.02,0,2024-07-08,Summer,13,JUL.24,831,0,0,SUG_831_B
SUG,0.061,17.9,0,2024-07-08,Summer,13,JUL.24,832,0,0,SUG_832_B
SUG,0.049,16.7,0,2024-07-08,Summer,13,JUL.24,833,0,0,SUG_833_B
SUG,0.044,17.2,0,2024-07-08,Summer,13,JUL.24,834,0,0,SUG_834_B
SUG,0.043,17.04,0,2024-07-08,Summer,13,JUL.24,835,0,0,SUG_835_B
SUG,0.031,15.05,0,2024-07-08,Summer,13,JUL.24,836,0,0,SUG_836_B
SUG,0.111,23.41,0,2024-07-08,Summer,13,JUL.24,837,0,0,SUG_837_B
SUG,0.133,23.09,0,2024-07-08,Summer,13,JUL.24,838,0,0,SUG_838_B
SUG,0.032,15.89,0,2024-07-08,Summer,13,JUL.24,839,0,0,SUG_839_B
SUG,0.075,18.17,0,2024-07-08,Summer,13,JUL.24,840,0,0,SUG_840_B
SUG,0.098,21.31,0,2024-07-08,Summer,13,JUL.24,841,0,0,SUG_841_B
SUG,0.122,23.23,0,2024-07-08,Summer,13,JUL.24,842,0,0,SUG_842_B
SUG,0.085,21.49,2,2024-07-08,Summer,13,JUL.24,843,1e-4,1e-4,SUG_843_B
SUG,0.068,18.89,0,2024-07-08,Summer,13,JUL.24,844,0,0,SUG_844_B
SUG,0.091,22.16,0,2024-07-08,Summer,13,JUL.24,845,0,0,SUG_845_B
SUG,0.088,20.19,0,2024-07-08,Summer,13,JUL.24,846,0,0,SUG_846_B
SUG,0.036,14.84,0,2024-07-08,Summer,13,JUL.24,847,0,0,SUG_847_B
SUG,0.03,13.6,0,2024-07-08,Summer,13,JUL.24,848,0,0,SUG_848_B
SUG,0.028,15.06,0,2024-07-08,Summer,13,JUL.24,849,0,0,SUG_849_B
SUG,0.063,17.83,0,2024-07-08,Summer,13,JUL.24,850,0,0,SUG_850_B
SUG,0.073,19.59,0,2024-07-08,Summer,13,JUL.24,851,0,0,SUG_851_B
SUG,0.062,19.08,0,2024-07-08,Summer,13,JUL.24,852,0,0,SUG_852_B
SUG,0.046,16.55,0,2024-07-08,Summer,13,JUL.24,853,0,0,SUG_853_B
SUG,0.092,19.8,0,2024-07-08,Summer,13,JUL.24,854,0,0,SUG_854_B
RSS,0.013,11.25,0,2024-07-09,Summer,13,JUL.24,855,0,0,RSS_855_B
RSS,0.026,13.1,0,2024-07-09,Summer,13,JUL.24,856,0,0,RSS_856_B
RSS,0.023,12.01,0,2024-07-09,Summer,13,JUL.24,857,0,0,RSS_857_B
RSS,0.019,13.44,0,2024-07-09,Summer,13,JUL.24,858,0,0,RSS_858_B
RSS,0.041,14.88,0,2024-07-09,Summer,13,JUL.24,859,0,0,RSS_859_B
RSS,0.024,13.54,0,2024-07-09,Summer,13,JUL.24,860,0,0,RSS_860_B
RSS,0.026,12.23,0,2024-07-09,Summer,13,JUL.24,861,0,0,RSS_861_B
RSS,0.015,11.67,0,2024-07-09,Summer,13,JUL.24,862,0,0,RSS_862_B
RSS,0.018,11.23,0,2024-07-09,Summer,13,JUL.24,863,0,0,RSS_863_B
RSS,0.016,12.1,0,2024-07-09,Summer,13,JUL.24,864,0,0,RSS_864_B
FRE,0.032,16.35,0,2024-07-09,Summer,13,JUL.24,865,0,0,FRE_865_B
FRE,0.1,22.97,1,2024-07-09,Summer,13,JUL.24,866,1e-4,1e-4,FRE_866_B
FRE,0.097,19.49,1,2024-07-09,Summer,13,JUL.24,867,1e-4,1e-4,FRE_867_B
FRE,0.144,22.08,1,2024-07-09,Summer,13,JUL.24,868,0.0092,0.0092,FRE_868_B
FRE,0.111,21.43,0,2024-07-09,Summer,13,JUL.24,869,0,0,FRE_869_B
FRE,0.147,22.4,5,2024-07-09,Summer,13,JUL.24,870,0.026,0.026,FRE_870_B
FRE,0.078,19.77,0,2024-07-09,Summer,13,JUL.24,871,0,0,FRE_871_B
FRE,0.064,18.3,2,2024-07-09,Summer,13,JUL.24,872,1e-4,1e-4,FRE_872_B
FRE,0.122,22.29,0,2024-07-09,Summer,13,JUL.24,873,0,0,FRE_873_B
FRE,0.114,21.5,2,2024-07-09,Summer,13,JUL.24,874,1e-4,1e-4,FRE_874_B
FRE,0.032,14.03,0,2024-07-09,Summer,13,JUL.24,875,0,0,FRE_875_B
FRE,0.046,15.51,2,2024-07-09,Summer,13,JUL.24,876,6e-4,6e-4,FRE_876_B
FRE,0.09,19.12,4,2024-07-09,Summer,13,JUL.24,877,0.0035,0.0035,FRE_877_B
FRE,0.061,17.09,0,2024-07-09,Summer,13,JUL.24,878,0,0,FRE_878_B
FRE,0.045,16.12,0,2024-07-09,Summer,13,JUL.24,879,0,0,FRE_879_B
FRE,0.084,18.41,0,2024-07-09,Summer,13,JUL.24,880,0,0,FRE_880_B
FRE,0.13,22.43,0,2024-07-09,Summer,13,JUL.24,881,0,0,FRE_881_B
FRE,0.107,21.51,0,2024-07-09,Summer,13,JUL.24,882,0,0,FRE_882_B
SRA,0.072,21.42,0,2024-07-09,Summer,13,JUL.24,883,0,0,SRA_883_B
SRA,0.037,19.17,0,2024-07-10,Summer,13,JUL.24,884,0,0,SRA_884_B
SRA,0.121,23.81,0,2024-07-10,Summer,13,JUL.24,885,0,0,SRA_885_B
SRA,0.055,17.61,0,2024-07-10,Summer,13,JUL.24,886,0,0,SRA_886_B
SRA,0.068,19.52,0,2024-07-10,Summer,13,JUL.24,887,0,0,SRA_887_B
SRA,0.084,20.51,0,2024-07-10,Summer,13,JUL.24,888,0,0,SRA_888_B
SRA,0.039,15.72,0,2024-07-10,Summer,13,JUL.24,889,0,0,SRA_889_B
SRA,0.048,17.96,0,2024-07-10,Summer,13,JUL.24,890,0,0,SRA_890_B
SRA,0.021,16.1,0,2024-07-10,Summer,13,JUL.24,891,0,0,SRA_891_B
SRA,0.033,15.86,0,2024-07-10,Summer,13,JUL.24,892,0,0,SRA_892_B
SRA,0.023,17.77,0,2024-07-10,Summer,13,JUL.24,893,0,0,SRA_893_B
SRA,0.092,19.37,0,2024-07-10,Summer,13,JUL.24,894,0,0,SRA_894_B
SRA,0.041,15.3,0,2024-07-10,Summer,13,JUL.24,895,0,0,SRA_895_B
SRA,0.046,18.17,0,2024-07-10,Summer,13,JUL.24,896,0,0,SRA_896_B
SRA,0.029,17.6,0,2024-07-10,Summer,13,JUL.24,897,0,0,SRA_897_B
SRA,0.059,16.64,0,2024-07-10,Summer,13,JUL.24,898,0,0,SRA_898_B
SRA,0.079,20.04,0,2024-07-10,Summer,13,JUL.24,899,0,0,SRA_899_B
SRA,0.068,18.47,0,2024-07-10,Summer,13,JUL.24,900,0,0,SRA_900_B
SRA,0.064,18.71,0,2024-07-10,Summer,13,JUL.24,901,0,0,SRA_901_B
SRA,0.041,14.69,0,2024-07-10,Summer,13,JUL.24,902,0,0,SRA_902_B
PCH,0.097,21.17,0,2024-07-11,Summer,13,JUL.24,903,0,0,PCH_903_B
PCH,0.122,23.22,0,2024-07-11,Summer,13,JUL.24,904,0,0,PCH_904_B
PCH,0.046,16.42,0,2024-07-11,Summer,13,JUL.24,905,0,0,PCH_905_B
PCH,0.05,17.04,0,2024-07-11,Summer,13,JUL.24,906,0,0,PCH_906_B
PCH,0.032,16,0,2024-07-11,Summer,13,JUL.24,907,0,0,PCH_907_B
PCH,0.046,17.06,0,2024-07-11,Summer,13,JUL.24,908,0,0,PCH_908_B
PCH,0.036,15.61,0,2024-07-11,Summer,13,JUL.24,909,0,0,PCH_909_B
PCH,0.054,17.36,0,2024-07-11,Summer,13,JUL.24,910,0,0,PCH_910_B
PCH,0.039,16.23,0,2024-07-11,Summer,13,JUL.24,911,0,0,PCH_911_B
PCH,0.066,18.91,0,2024-07-11,Summer,13,JUL.24,912,0,0,PCH_912_B
PCH,0.043,16.99,0,2024-07-11,Summer,13,JUL.24,913,0,0,PCH_913_B
PCH,0.17,24.97,1,2024-07-11,Summer,13,JUL.24,914,0.013,0.013,PCH_914_B
PCH,0.108,22.22,1,2024-07-11,Summer,13,JUL.24,915,7e-4,7e-4,PCH_915_B
PCH,0.068,18.63,0,2024-07-11,Summer,13,JUL.24,916,0,0,PCH_916_B
PCH,0.158,25.24,1,2024-07-11,Summer,13,JUL.24,917,4e-4,4e-4,PCH_917_B
PCH,0.114,21.24,0,2024-07-11,Summer,13,JUL.24,918,0,0,PCH_918_B
PCH,0.048,17,0,2024-07-11,Summer,13,JUL.24,919,0,0,PCH_919_B
PCH,0.044,16.75,0,2024-07-11,Summer,13,JUL.24,920,0,0,PCH_920_B
PCH,0.061,17.91,0,2024-07-11,Summer,13,JUL.24,921,0,0,PCH_921_B
PCH,0.097,21.1,0,2024-07-11,Summer,13,JUL.24,922,0,0,PCH_922_B
PCH,0.084,20.01,0,2024-07-11,Summer,13,JUL.24,923,0,0,PCH_923_B
