Date Weighed,Year,Month Sampled,Month_num,Initials,Lake,Fish_ID,N_worms_dissected,N_worms_weighed,worm_wt_1,worm_wt_2,worm_wt_3,worm_wt_4,worm_wt_5,worm_wt_6,worm_wt_7,worm_wt_8,worm_wt_9,worm_wt_10,worm_wt_11,worm_wt_12,worm_wt_13,worm_wt_14,worm_wt_15,worm_wt_16,worm_wt_17,worm_wt_18
04-Dec-23,2023,JUL,1,HA,BEW,3,1,1,0.0011,,,,,,,,,,,,,,,,,
04-Dec-23,2023,JUL,1,HA,BEW,4,1,1,0.0001,,,,,,,,,,,,,,,,,
04-Dec-23,2023,JUL,1,HA,BEW,7,1,1,0.0015,,,,,,,,,,,,,,,,,
04-Dec-23,2023,JUL,1,HA,BLA,3,2,2,0.0558,0.0780,,,,,,,,,,,,,,,,
04-Dec-23,2023,JUL,1,HA,BLA,4,0,1,0.0001,,,,,,,,,,,,,,,,,
04-Dec-23,2023,JUL,1,HA,BLA,7,9,9,0.0168,0.03,0.0337,0.0059,0.0049,0.0161,0.0265,0.0164,0.0106,,,,,,,,,
04-Dec-23,2023,JUL,1,HA,BLA,10,1,1,0.1071,,,,,,,,,,,,,,,,,
04-Dec-23,2023,JUL,1,HA,BLA,11,1,1,0.0041,,,,,,,,,,,,,,,,,
04-Dec-23,2023,JUL,1,HA,BLA,14,1,1,0.0284,,,,,,,,,,,,,,,,,
04-Dec-23,2023,JUL,1,HA,BLA,16,2,2,0.0767,0.0668,,,,,,,,,,,,,,,,
04-Dec-23,2023,JUL,1,HA,BLA,23,1,1,0.1155,,,,,,,,,,,,,,,,,
04-Dec-23,2023,JUL,1,HA,BLA,25,3,3,0.0929,0.0669,0.0959,,,,,,,,,,,,,,,
04-Dec-23,2023,JUL,1,HA,BLA,26,1,1,0.0547,,,,,,,,,,,,,,,,,
04-Dec-23,2023,JUL,1,HA,BLA,27,1,1,0.088,,,,,,,,,,,,,,,,,
04-Dec-23,2023,JUL,1,HA,BLA,28,3,3,0.0473,0.0412,0.0204,,,,,,,,,,,,,,,
04-Dec-23,2023,JUL,1,HA,BLA,31,3,3,0.0588,0.0293,0.0264,,,,,,,,,,,,,,,
04-Dec-23,2023,JUL,1,HA,BLA,37,2,2,0.00050,0.00050,,,,,,,,,,,,,,,,
04-Dec-23,2023,JUL,1,HA,BLA,42,2,2,0.0638,0.0557,,,,,,,,,,,,,,,,
04-Dec-23,2023,JUL,1,HA,BLA,45,5,5,0.0182,0.048,0.0527,0.0194,0.0065,,,,,,,,,,,,,
04-Dec-23,2023,JUL,1,HA,FRE,1,2,2,0.0033,0.0537,,,,,,,,,,,,,,,,
04-Dec-23,2023,JUL,1,HA,FRE,2,5,5,0.0672,0.0131,0.0158,0.0045,0.0037,,,,,,,,,,,,,
04-Dec-23,2023,JUL,1,HA,FRE,3,5,5,0.0059,0.011,0.0023,0.0007,0.0462,,,,,,,,,,,,,
04-Dec-23,2023,JUL,1,HA,FRE,5,2,2,0.0042,0.0202,,,,,,,,,,,,,,,,
04-Dec-23,2023,JUL,1,HA,FRE,7,1,1,0.0574,,,,,,,,,,,,,,,,,
04-Dec-23,2023,JUL,1,HA,FRE,8,2,2,0.0491,0.1162,,,,,,,,,,,,,,,,
04-Dec-23,2023,JUL,1,HA,FRE,9,3,3,0.048,0.0335,0.1081,,,,,,,,,,,,,,,
04-Dec-23,2023,JUL,1,HA,FRE,10,1,1,0.1275,,,,,,,,,,,,,,,,,
04-Dec-23,2023,JUL,1,HA,FRE,11,2,2,0.0696,0.173,,,,,,,,,,,,,,,,
04-Dec-23,2023,JUL,1,HA,FRE,12,1,1,0.0845,,,,,,,,,,,,,,,,,
04-Dec-23,2023,JUL,1,HA,FRE,14,8,8,0.0015,0.0619,0.0042,0.169,0.0426,0.0288,0.0088,0.0038,,,,,,,,,,
04-Dec-23,2023,JUL,1,HA,FRE,16,5,4,0.0005,0.0245,0.0094,0.0396,,,,,,,,,,,,,,
04-Dec-23,2023,JUL,1,HA,FRE,17,4,4,0.0557,0.076,0.044,0.0136,,,,,,,,,,,,,,
04-Dec-23,2023,JUL,1,HA,FRE,19,2,2,0.0675,0.0228,,,,,,,,,,,,,,,,
04-Dec-23,2023,JUL,1,HA,FRE,21,2,2,0.036,0.0375,,,,,,,,,,,,,,,,
04-Dec-23,2023,JUL,1,HA,FRE,23,1,1,0.0758,,,,,,,,,,,,,,,,,
04-Dec-23,2023,JUL,1,HA,FRE,25,1,1,0.0759,,,,,,,,,,,,,,,,,
04-Dec-23,2023,JUL,1,HA,FRE,27,2,2,0.0459,0.0125,,,,,,,,,,,,,,,,
04-Dec-23,2023,JUL,1,HA,FRE,29,2,2,0.0028,0.0648,,,,,,,,,,,,,,,,
04-Dec-23,2023,JUL,1,HA,FRE,30,2,2,0.0402,0.0693,,,,,,,,,,,,,,,,
04-Dec-23,2023,JUL,1,HA,FRE,31,2,2,0.0006,0.0025,,,,,,,,,,,,,,,,
04-Dec-23,2023,JUL,1,HA,FRE,35,4,4,0.0006,0.0007,0.0009,0.0008,,,,,,,,,,,,,,
04-Dec-23,2023,JUL,1,HA,FRE,37,2,1,0.002,,,,,,,,,,,,,,,,,
04-Dec-23,2023,JUL,1,HA,FRE,39,2,2,0.0004,0.0012,,,,,,,,,,,,,,,,
04-Dec-23,2023,JUL,1,HA,FRE,40,7,7,0.0013,0.0138,0.0066,0.0209,0.0144,0.0091,0.0119,,,,,,,,,,,
04-Dec-23,2023,JUL,1,HA,FRE,41,2,2,0.0599,0.0926,,,,,,,,,,,,,,,,
04-Dec-23,2023,JUL,1,HA,FRE,42,1,1,0.0707,,,,,,,,,,,,,,,,,
04-Dec-23,2023,JUL,1,HA,FRE,43,1,1,0.0809,,,,,,,,,,,,,,,,,
04-Dec-23,2023,JUL,1,HA,FRE,44,4,4,0.0481,0.0793,0.0456,0.0242,,,,,,,,,,,,,,
04-Dec-23,2023,JUL,1,HA,FRE,46,1,1,0.0416,,,,,,,,,,,,,,,,,
04-Dec-23,2023,JUL,1,HA,FRE,47,1,1,0.0700,,,,,,,,,,,,,,,,,
04-Dec-23,2023,JUL,1,HA,FRE,50,4,3,0.0003,0.0014,0.0002,,,,,,,,,,,,,,,
04-Dec-23,2023,JUL,1,HA,L2B,5,1,1,0.0389,,,,,,,,,,,,,,,,,
04-Dec-23,2023,JUL,1,HA,PCH,1,3,3,0.0538,0.0313,0.0239,,,,,,,,,,,,,,,
04-Dec-23,2023,JUL,1,HA,PCH,2,2,2,0.0054,0.0042,,,,,,,,,,,,,,,,
04-Dec-23,2023,JUL,1,HA,PCH,5,1,1,0.013,,,,,,,,,,,,,,,,,
04-Dec-23,2023,JUL,1,HA,PCH,7,1,1,0.0149,,,,,,,,,,,,,,,,,
04-Dec-23,2023,JUL,1,HA,PCH,8,1,1,0.0064,,,,,,,,,,,,,,,,,
04-Dec-23,2023,JUL,1,HA,PCH,9,2,2,0.002,0.0022,,,,,,,,,,,,,,,,
04-Dec-23,2023,JUL,1,HA,PCH,14,1,1,0.0015,,,,,,,,,,,,,,,,,
04-Dec-23,2023,JUL,1,HA,PCH,15,1,1,0.0322,,,,,,,,,,,,,,,,,
04-Dec-23,2023,JUL,1,HA,PCH,17,2,2,0.0004,0.0014,,,,,,,,,,,,,,,,
04-Dec-23,2023,JUL,1,HA,PCH,19,3,3,0.0012,0.0018,0.0121,,,,,,,,,,,,,,,
04-Dec-23,2023,JUL,1,HA,PCH,20,2,2,0.0007,0.0065,,,,,,,,,,,,,,,,
05-Dec-23,2023,JUL,1,HA,RSS,1,3,3,0.0784,0.0695,0.0735,,,,,,,,,,,,,,,
05-Dec-23,2023,JUL,1,HA,RSS,2,3,3,0.0339,0.0988,0.1672,,,,,,,,,,,,,,,
05-Dec-23,2023,JUL,1,HA,RSS,7,4,4,0.0001,0.0003,0.0005,0.0002,,,,,,,,,,,,,,
05-Dec-23,2023,JUL,1,HA,RSS,8,6,6,0.0035,0.0101,0.0399,0.0394,0.0191,0.03,,,,,,,,,,,,
05-Dec-23,2023,JUL,1,HA,RSS,9,1,1,0.164,,,,,,,,,,,,,,,,,
05-Dec-23,2023,JUL,1,HA,RSS,18,2,2,0.0004,0.1015,,,,,,,,,,,,,,,,
05-Dec-23,2023,JUL,1,HA,RSS,20,2,2,0.1202,0.1408,,,,,,,,,,,,,,,,
05-Dec-23,2023,JUL,1,HA,RSS,23,2,1,0.2281,,,,,,,,,,,,,,,,,
05-Dec-23,2023,JUL,1,HA,RSS,27,4,3,0.0005,0.0841,0.0956,,,,,,,,,,,,,,,
05-Dec-23,2023,JUL,1,HA,RSS,30,4,4,0.0057,0.07,0.0989,0.056,,,,,,,,,,,,,,
05-Dec-23,2023,JUL,1,HA,RSS,33,3,3,0.0703,0.0283,0.1231,,,,,,,,,,,,,,,
05-Dec-23,2023,JUL,1,HA,RSS,34,1,1,0.0015,,,,,,,,,,,,,,,,,
05-Dec-23,2023,JUL,1,HA,RSS,37,1,1,0.0002,,,,,,,,,,,,,,,,,
05-Dec-23,2023,JUL,1,HA,RSS,38,1,1,0.0008,,,,,,,,,,,,,,,,,
05-Dec-23,2023,JUL,1,HA,RSS,41,3,3,0.1289,0.065,0.0685,,,,,,,,,,,,,,,
05-Dec-23,2023,JUL,1,HA,RSS,45,1,1,0.0005,,,,,,,,,,,,,,,,,
05-Dec-23,2023,JUL,1,HA,RSS,46,3,3,0.1323,0.0277,0.0993,,,,,,,,,,,,,,,
05-Dec-23,2023,JUL,1,HA,SRA,12,1,1,0.0001,,,,,,,,,,,,,,,,,
05-Dec-23,2023,JUL,1,HA,SRA,13,1,1,0.0004,,,,,,,,,,,,,,,,,
05-Dec-23,2023,JUL,1,HA,SUG,9,4,4,0.0016,0.0011,0.001,0.0018,,,,,,,,,,,,,,
05-Dec-23,2023,JUL,1,HA,SUG,14,1,1,0.097,,,,,,,,,,,,,,,,,
05-Dec-23,2023,AUG,2,HA,BLA,1,1,1,0.1051,,,,,,,,,,,,,,,,,
05-Dec-23,2023,AUG,2,HA,BLA,2,2,2,0.0297,0.1378,,,,,,,,,,,,,,,,
05-Dec-23,2023,AUG,2,HA,BLA,3,2,2,0.0001,0.1913,,,,,,,,,,,,,,,,
05-Dec-23,2023,AUG,2,HA,BLA,6,3,3,0.0044,0.0077,0.1015,,,,,,,,,,,,,,,
05-Dec-23,2023,AUG,2,HA,BLA,7,1,1,0.1226,,,,,,,,,,,,,,,,,
05-Dec-23,2023,AUG,2,HA,BLA,9,2,2,0.0005,0.0018,,,,,,,,,,,,,,,,
05-Dec-23,2023,AUG,2,HA,BLA,21,1,1,0.0292,,,,,,,,,,,,,,,,,
05-Dec-23,2023,AUG,2,HA,BLA,22,3,3,0.0036,0.0328,0.1344,,,,,,,,,,,,,,,
05-Dec-23,2023,AUG,2,HA,BLA,24,1,1,0.1071,,,,,,,,,,,,,,,,,
05-Dec-23,2023,AUG,2,HA,BLA,25,2,1,0.0927,,,,,,,,,,,,,,,,,
05-Dec-23,2023,AUG,2,HA,BLA,27,1,1,0.1164,,,,,,,,,,,,,,,,,
05-Dec-23,2023,AUG,2,HA,BLA,31,1,1,0.058,,,,,,,,,,,,,,,,,
05-Dec-23,2023,AUG,2,HA,BLA,33,1,1,0.0241,,,,,,,,,,,,,,,,,
05-Dec-23,2023,AUG,2,HA,BLA,36,2,2,0.0012,0.0033,,,,,,,,,,,,,,,,
05-Dec-23,2023,AUG,2,HA,BLA,37,1,1,0.078,,,,,,,,,,,,,,,,,
05-Dec-23,2023,AUG,2,HA,BLA,38,2,2,0.0005,0.1211,,,,,,,,,,,,,,,,
05-Dec-23,2023,AUG,2,HA,BLA,41,1,1,0.0649,,,,,,,,,,,,,,,,,
05-Dec-23,2023,AUG,2,HA,BLA,42,2,2,0.087,0.1035,,,,,,,,,,,,,,,,
05-Dec-23,2023,AUG,2,HA,BLA,45,2,2,0.0144,0.0098,,,,,,,,,,,,,,,,
05-Dec-23,2023,AUG,2,HA,BLA,52,1,1,0.1139,,,,,,,,,,,,,,,,,
05-Dec-23,2023,AUG,2,HA,BLA,54,2,2,0.0017,0.0991,,,,,,,,,,,,,,,,
05-Dec-23,2023,AUG,2,HA,BLA,56,1,1,0.0004,,,,,,,,,,,,,,,,,
05-Dec-23,2023,AUG,2,HA,FRE,3,1,1,0.0307,,,,,,,,,,,,,,,,,
05-Dec-23,2023,AUG,2,HA,FRE,4,1,1,0.0783,,,,,,,,,,,,,,,,,
05-Dec-23,2023,AUG,2,HA,FRE,5,3,3,0.033,0.0348,0.0368,,,,,,,,,,,,,,,
05-Dec-23,2023,AUG,2,HA,FRE,7,2,2,0.0052,0.0469,,,,,,,,,,,,,,,,
05-Dec-23,2023,AUG,2,HA,FRE,8,1,1,0.0005,,,,,,,,,,,,,,,,,
05-Dec-23,2023,AUG,2,HA,FRE,9,1,1,0.1395,,,,,,,,,,,,,,,,,
05-Dec-23,2023,AUG,2,HA,FRE,10,1,1,0.0569,,,,,,,,,,,,,,,,,
05-Dec-23,2023,AUG,2,HA,FRE,11,1,1,0.0467,,,,,,,,,,,,,,,,,
05-Dec-23,2023,AUG,2,HA,FRE,12,6,6,0.0619,0.0129,0.0129,0.0276,0.0198,0.0068,,,,,,,,,,,,
05-Dec-23,2023,AUG,2,HA,FRE,13,1,1,0.043,,,,,,,,,,,,,,,,,
05-Dec-23,2023,AUG,2,HA,FRE,14,1,1,0.0554,,,,,,,,,,,,,,,,,
05-Dec-23,2023,AUG,2,HA,FRE,16,3,2,0.0003,0.0417,,,,,,,,,,,,,,,,
05-Dec-23,2023,AUG,2,HA,FRE,17,1,1,0.118,,,,,,,,,,,,,,,,,
05-Dec-23,2023,AUG,2,HA,FRE,20,1,1,0.0129,,,,,,,,,,,,,,,,,
05-Dec-23,2023,AUG,2,HA,FRE,22,1,1,0.0015,,,,,,,,,,,,,,,,,
05-Dec-23,2023,AUG,2,HA,FRE,23,1,1,0.0838,,,,,,,,,,,,,,,,,
05-Dec-23,2023,AUG,2,HA,FRE,25,1,1,0.0986,,,,,,,,,,,,,,,,,
05-Dec-23,2023,AUG,2,HA,FRE,26,1,1,0.0713,,,,,,,,,,,,,,,,,
05-Dec-23,2023,AUG,2,HA,FRE,27,1,1,0.0963,,,,,,,,,,,,,,,,,
05-Dec-23,2023,AUG,2,HA,FRE,28,2,2,0.0054,0.0675,,,,,,,,,,,,,,,,
05-Dec-23,2023,AUG,2,HA,FRE,31,1,1,0.0067,,,,,,,,,,,,,,,,,
05-Dec-23,2023,AUG,2,HA,FRE,32,2,2,0.0016,0.0313,,,,,,,,,,,,,,,,
05-Dec-23,2023,AUG,2,HA,FRE,33,1,1,0.047,,,,,,,,,,,,,,,,,
05-Dec-23,2023,AUG,2,HA,FRE,35,5,5,0.0007,0.0787,0.0431,0.0438,0.0174,,,,,,,,,,,,,
05-Dec-23,2023,AUG,2,HA,L2B,2,3,3,0.0092,0.0057,0.0229,,,,,,,,,,,,,,,
05-Dec-23,2023,AUG,2,HA,PCH,2,1,1,0.0463,,,,,,,,,,,,,,,,,
05-Dec-23,2023,AUG,2,HA,PCH,3,1,1,0.0148,,,,,,,,,,,,,,,,,
05-Dec-23,2023,AUG,2,HA,PCH,5,3,3,0.0004,0.001,0.0206,,,,,,,,,,,,,,,
05-Dec-23,2023,AUG,2,HA,RSS,1,1,1,0.0007,,,,,,,,,,,,,,,,,
05-Dec-23,2023,AUG,2,HA,RSS,2,1,1,0.0013,,,,,,,,,,,,,,,,,
05-Dec-23,2023,AUG,2,HA,RSS,15,4,3,0.0003,0.0082,0.0068,,,,,,,,,,,,,,,
05-Dec-23,2023,AUG,2,HA,RSS,16,4,2,0.0002,0.0007,,,,,,,,,,,,,,,,
05-Dec-23,2023,AUG,2,HA,RSS,20,1,1,0.0004,,,,,,,,,,,,,,,,,
05-Dec-23,2023,AUG,2,HA,RSS,23,2,2,0.0008,0.0004,,,,,,,,,,,,,,,,
05-Dec-23,2023,AUG,2,HA,RSS,24,2,2,0.0004,0.0005,,,,,,,,,,,,,,,,
05-Dec-23,2023,AUG,2,HA,SRA,8,4,4,0.0006,0.0008,0.0004,0.0001,,,,,,,,,,,,,,
05-Dec-23,2023,AUG,2,HA,SRA,9,3,3,0.0002,,,,,,,,,,,,,,,,,
05-Dec-23,2023,AUG,2,HA,SRA,13,1,1,0.0034,,,,,,,,,,,,,,,,,
05-Dec-23,2023,AUG,2,HA,SRA,18,1,1,0.0002,,,,,,,,,,,,,,,,,
05-Dec-23,2023,AUG,2,HA,SRA,36,4,4,0.0001,0.0003,0.0002,0.0001,,,,,,,,,,,,,,
05-Dec-23,2023,AUG,2,HA,SUG,1,1,1,0.0003,,,,,,,,,,,,,,,,,
05-Dec-23,2023,AUG,2,HA,SUG,5,1,1,0.026,,,,,,,,,,,,,,,,,
05-Dec-23,2023,AUG,2,HA,SUG,8,1,1,0.0677,,,,,,,,,,,,,,,,,
05-Dec-23,2023,AUG,2,HA,SUG,11,1,1,0.0001,,,,,,,,,,,,,,,,,
05-Dec-23,2023,AUG,2,HA,SUG,14,3,3,0.0016,0.0037,0.028,,,,,,,,,,,,,,,
05-Dec-23,2023,AUG,2,HA,SUG,27,4,4,0.0062,0.0041,0.0006,0.0058,,,,,,,,,,,,,,
05-Dec-23,2023,AUG,2,HA,SUG,29,4,2,0.0004,0.006,,,,,,,,,,,,,,,,
05-Dec-23,2023,AUG,2,HA,SUG,33,4,4,0.002,0.0045,,,,,,,,,,,,,,,,
05-Dec-23,2023,AUG,2,HA,SUG,39,1,1,0.0031,,,,,,,,,,,,,,,,,
05-Dec-23,2023,AUG,2,HA,SUG,42,3,2,0.0001,0.0006,,,,,,,,,,,,,,,,
07-Dec-23,2023,SEP,3,HA,BLA,1,1,1,0.0525,,,,,,,,,,,,,,,,,
07-Dec-23,2023,SEP,3,HA,BLA,2,5,5,0.1094,0.001,0.0004,0.0015,0.0001,,,,,,,,,,,,,
07-Dec-23,2023,SEP,3,HA,BLA,4,3,2,0.0025,0.0002,,,,,,,,,,,,,,,,
07-Dec-23,2023,SEP,3,HA,BLA,7,1,1,0.041,,,,,,,,,,,,,,,,,
07-Dec-23,2023,SEP,3,HA,BLA,15,1,1,0.1767,,,,,,,,,,,,,,,,,
07-Dec-23,2023,SEP,3,HA,BLA,26,2,2,0.036,0.03,,,,,,,,,,,,,,,,
07-Dec-23,2023,SEP,3,HA,BLA,32,5,5,0.133,0.0013,0.0036,0.0039,0.0027,,,,,,,,,,,,,
07-Dec-23,2023,SEP,3,HA,BLA,34,1,1,0.0693,,,,,,,,,,,,,,,,,
07-Dec-23,2023,SEP,3,HA,BLA,40,2,2,0.0068,0.0795,,,,,,,,,,,,,,,,
07-Dec-23,2023,SEP,3,HA,BLA,45,4,4,0.1222,0.0077,0.0004,0.0028,,,,,,,,,,,,,,
07-Dec-23,2023,SEP,3,HA,FRE,2,1,1,0.0223,,,,,,,,,,,,,,,,,
07-Dec-23,2023,SEP,3,HA,FRE,4,3,3,0.0234,0.0356,0.0001,,,,,,,,,,,,,,,
07-Dec-23,2023,SEP,3,HA,FRE,5,1,1,0.07,,,,,,,,,,,,,,,,,
07-Dec-23,2023,SEP,3,HA,FRE,6,1,1,0.0742,,,,,,,,,,,,,,,,,
07-Dec-23,2023,SEP,3,HA,FRE,7,1,1,0.0008,,,,,,,,,,,,,,,,,
07-Dec-23,2023,SEP,3,HA,FRE,8,3,3,0.0091,0.0625,0.0181,,,,,,,,,,,,,,,
07-Dec-23,2023,SEP,3,HA,FRE,9,2,2,0.0129,0.072,,,,,,,,,,,,,,,,
07-Dec-23,2023,SEP,3,HA,FRE,11,1,1,0.0783,,,,,,,,,,,,,,,,,
07-Dec-23,2023,SEP,3,HA,FRE,13,2,2,0.0411,0.0839,,,,,,,,,,,,,,,,
07-Dec-23,2023,SEP,3,HA,FRE,14,2,2,0.0038,0.0002,,,,,,,,,,,,,,,,
07-Dec-23,2023,SEP,3,HA,FRE,15,1,1,0.0722,,,,,,,,,,,,,,,,,
07-Dec-23,2023,SEP,3,HA,FRE,16,1,1,0.0095,,,,,,,,,,,,,,,,,
07-Dec-23,2023,SEP,3,HA,FRE,17,1,1,0.0397,,,,,,,,,,,,,,,,,
07-Dec-23,2023,SEP,3,HA,FRE,19,1,1,0.0214,,,,,,,,,,,,,,,,,
07-Dec-23,2023,SEP,3,HA,FRE,20,1,1,0.0482,,,,,,,,,,,,,,,,,
07-Dec-23,2023,SEP,3,HA,FRE,22,1,1,0.0271,,,,,,,,,,,,,,,,,
07-Dec-23,2023,SEP,3,HA,FRE,23,0,1,0.029,,,,,,,,,,,,,,,,,
07-Dec-23,2023,SEP,3,HA,L2B,3,6,5,0.0277,0.014,0.0123,0.0019,0.0041,,,,,,,,,,,,,
07-Dec-23,2023,SEP,3,HA,L2B,4,3,3,0.0251,0.0031,0.0308,,,,,,,,,,,,,,,
07-Dec-23,2023,SEP,3,HA,L2B,5,1,1,0.034,,,,,,,,,,,,,,,,,
07-Dec-23,2023,SEP,3,HA,L2B,6,4,4,0.0292,0.0361,0.042,0.0334,,,,,,,,,,,,,,
07-Dec-23,2023,SEP,3,HA,L2B,7,4,4,0.0124,0.0049,0.0173,0.0164,,,,,,,,,,,,,,
07-Dec-23,2023,SEP,3,HA,L2B,8,5,5,0.028,0.025,0.0012,0.0185,0.0141,,,,,,,,,,,,,
07-Dec-23,2023,SEP,3,HA,L2B,9,4,4,0.0012,0.0359,0.0349,0.0221,,,,,,,,,,,,,,
07-Dec-23,2023,SEP,3,HA,L2B,10,1,1,0.0001,,,,,,,,,,,,,,,,,
07-Dec-23,2023,SEP,3,HA,L2B,11,4,4,0.0201,0.0205,0.0118,0.0256,0.0003,,,,,,,,,,,,,
07-Dec-23,2023,SEP,3,HA,L2B,12,3,3,0.0394,0.0401,0.0314,,,,,,,,,,,,,,,
07-Dec-23,2023,SEP,3,HA,L2B,13,2,2,0.0312,0.02,,,,,,,,,,,,,,,,
07-Dec-23,2023,SEP,3,HA,L2B,14,1,1,0.0005,,,,,,,,,,,,,,,,,
07-Dec-23,2023,SEP,3,HA,L2B,18,3,3,0.0268,0.0069,0.005,,,,,,,,,,,,,,,
07-Dec-23,2023,SEP,3,HA,L2B,22,4,4,0.0008,0.0063,0.009,0.0055,,,,,,,,,,,,,,
07-Dec-23,2023,SEP,3,HA,L2B,26,1,1,0.0129,,,,,,,,,,,,,,,,,
07-Dec-23,2023,SEP,3,HA,PCH,1,1,1,0.0341,,,,,,,,,,,,,,,,,
07-Dec-23,2023,SEP,3,HA,PCH,3,1,1,0.0413,,,,,,,,,,,,,,,,,
07-Dec-23,2023,SEP,3,HA,PCH,7,1,1,0.0564,,,,,,,,,,,,,,,,,
07-Dec-23,2023,SEP,3,HA,PCH,9,1,1,0.071,,,,,,,,,,,,,,,,,
07-Dec-23,2023,SEP,3,HA,PCH,10,1,1,0.0093,,,,,,,,,,,,,,,,,
07-Dec-23,2023,SEP,3,HA,PCH,14,1,1,0.0258,,,,,,,,,,,,,,,,,
07-Dec-23,2023,SEP,3,HA,PCH,15,1,1,0.027,,,,,,,,,,,,,,,,,
07-Dec-23,2023,SEP,3,HA,PCH,19,1,1,0.049,,,,,,,,,,,,,,,,,
07-Dec-23,2023,SEP,3,HA,PCH,26,1,1,0.0333,,,,,,,,,,,,,,,,,
07-Dec-23,2023,SEP,3,HA,PCH,28,1,1,0.0371,,,,,,,,,,,,,,,,,
07-Dec-23,2023,SEP,3,HA,PCH,33,2,2,0.0283,0.0209,,,,,,,,,,,,,,,,
07-Dec-23,2023,SEP,3,HA,PCH,35,2,2,0.0328,0.0001,,,,,,,,,,,,,,,,
07-Dec-23,2023,SEP,3,HA,PCH,40,1,1,0.0026,,,,,,,,,,,,,,,,,
07-Dec-23,2023,SEP,3,HA,PCH,42,3,3,0.025,0.0477,0.0233,,,,,,,,,,,,,,,
07-Dec-23,2023,SEP,3,HA,PCH,48,1,1,0.0405,,,,,,,,,,,,,,,,,
07-Dec-23,2023,SEP,3,HA,SRA,27,2,2,0.0015,0.1128,,,,,,,,,,,,,,,,
07-Dec-23,2023,SEP,3,HA,SRA,29,2,1,0.0009,,,,,,,,,,,,,,,,,
07-Dec-23,2023,SEP,3,HA,SRA,51,2,2,0.0009,0.0001,,,,,,,,,,,,,,,,
07-Dec-23,2023,SEP,3,HA,SUG,1,13,12,0.015,0.0214,0.0072,0.0036,0.0176,0.0002,0.0001,0.0002,0.0001,0.0002,0.0071,0.0001,0.0061,0.0043,,,,
07-Dec-23,2023,SEP,3,HA,SUG,14,1,1,0.0001,,,,,,,,,,,,,,,,,
07-Dec-23,2023,SEP,3,HA,SUG,15,3,3,0.0353,0.0033,0.0017,,,,,,,,,,,,,,,
07-Dec-23,2023,SEP,3,HA,SUG,30,1,1,0.0309,,,,,,,,,,,,,,,,,
07-Dec-23,2023,SEP,3,HA,SUG,31,2,2,0.0158,0.0035,,,,,,,,,,,,,,,,
07-Dec-23,2023,SEP,3,HA,SUG,40,2,2,0.0407,0.0123,,,,,,,,,,,,,,,,
07-Dec-23,2023,SEP,3,HA,SUG,48,3,2,0.0001,0.0004,,,,,,,,,,,,,,,,
07-Dec-23,2023,SEP,3,HA,SUG,49,1,1,0.0346,,,,,,,,,,,,,,,,,
07-Dec-23,2023,SEP,3,HA,SUG,50,b,2,0.0064,0.001,,,,,,,,,,,,,,,,
07-Dec-23,2023,OCT,4,HA,BLA,1,1,1,0.0008,,,,,,,,,,,,,,,,,
07-Dec-23,2023,OCT,4,HA,BLA,2,3,3,0.0156,0.0005,0.0001,,,,,,,,,,,,,,,
07-Dec-23,2023,OCT,4,HA,FRE,1,1,1,0.0427,,,,,,,,,,,,,,,,,
07-Dec-23,2023,OCT,4,HA,FRE,4,1,1,0.0005,,,,,,,,,,,,,,,,,
07-Dec-23,2023,OCT,4,HA,FRE,5,1,1,0.0077,,,,,,,,,,,,,,,,,
07-Dec-23,2023,OCT,4,HA,L2B,1,4,4,0.0242,0.025,0.0145,0.0177,,,,,,,,,,,,,,
07-Dec-23,2023,OCT,4,HA,L2B,2,2,2,0.0382,0.0483,,,,,,,,,,,,,,,,
07-Dec-23,2023,OCT,4,HA,L2B,6,1,1,0.0823,,,,,,,,,,,,,,,,,
07-Dec-23,2023,OCT,4,HA,L2B,8,1,1,0.0282,,,,,,,,,,,,,,,,,
07-Dec-23,2023,OCT,4,HA,L2B,11,1,1,0.0283,,,,,,,,,,,,,,,,,
07-Dec-23,2023,OCT,4,HA,L2B,12,1,1,0.0444,,,,,,,,,,,,,,,,,
07-Dec-23,2023,OCT,4,HA,L2B,13,2,2,0.0709,0.063,,,,,,,,,,,,,,,,
07-Dec-23,2023,OCT,4,HA,PCH,1,1,1,0.0429,,,,,,,,,,,,,,,,,
07-Dec-23,2023,OCT,4,HA,PCH,5,1,1,0.0551,,,,,,,,,,,,,,,,,
07-Dec-23,2023,OCT,4,HA,PCH,6,1,1,0.0381,,,,,,,,,,,,,,,,,
07-Dec-23,2023,OCT,4,HA,PCH,7,1,1,0.0713,,,,,,,,,,,,,,,,,
07-Dec-23,2023,OCT,4,HA,PCH,8,1,1,0.0421,,,,,,,,,,,,,,,,,
07-Dec-23,2023,OCT,4,HA,PCH,13,1,1,0.0006,,,,,,,,,,,,,,,,,
07-Dec-23,2023,OCT,4,HA,PCH,18,1,1,0.0468,,,,,,,,,,,,,,,,,
07-Dec-23,2023,OCT,4,HA,PCH,27,1,1,0.0515,,,,,,,,,,,,,,,,,
07-Dec-23,2023,OCT,4,HA,PCH,29,1,1,0.0549,,,,,,,,,,,,,,,,,
07-Dec-23,2023,OCT,4,HA,PCH,43,1,1,0.0556,,,,,,,,,,,,,,,,,
07-Dec-23,2023,OCT,4,HA,PCH,44,1,1,0.0286,,,,,,,,,,,,,,,,,
07-Dec-23,2023,OCT,4,HA,PCH,45,1,1,0.0074,,,,,,,,,,,,,,,,,
07-Dec-23,2023,OCT,4,HA,PCH,46,1,1,0.0411,,,,,,,,,,,,,,,,,
07-Dec-23,2023,OCT,4,HA,PCH,47,1,1,0.028,,,,,,,,,,,,,,,,,
07-Dec-23,2023,OCT,4,HA,PCH,48,1,1,0.0796,,,,,,,,,,,,,,,,,
07-Dec-23,2023,OCT,4,HA,PCH,52,1,1,0.0465,,,,,,,,,,,,,,,,,
07-Dec-23,2023,OCT,4,HA,PCH,53,1,1,0.0325,,,,,,,,,,,,,,,,,
07-Dec-23,2023,OCT,4,HA,PCH,58,1,1,0.0328,,,,,,,,,,,,,,,,,
07-Dec-23,2023,OCT,4,HA,RSS,2,1,1,0.0649,,,,,,,,,,,,,,,,,
07-Dec-23,2023,OCT,4,HA,SRA,1,1,1,0.332,,,,,,,,,,,,,,,,,
07-Dec-23,2023,OCT,4,HA,SRA,6,1,1,0.0007,,,,,,,,,,,,,,,,,
07-Dec-23,2023,OCT,4,HA,SRA,8,2,2,0.0035,,,,,,,,,,,,,,,,,
06-Dec-23,2023,NOV,5,ST,FRE,1,4,4,0.0018,0.0024,0.0282,0.0981,,,,,,,,,,,,,,
06-Dec-23,2023,NOV,5,QJ,FRE,2,2,2,0.1004,0.0883,,,,,,,,,,,,,,,,
06-Dec-23,2023,NOV,5,ST,FRE,3,1,1,0.0888,,,,,,,,,,,,,,,,,
06-Dec-23,2023,NOV,5,ST,FRE,9,1,1,0.0007,,,,,,,,,,,,,,,,,
06-Dec-23,2023,NOV,5,QJ,FRE,15,1,1,0.0075,,,,,,,,,,,,,,,,,
06-Dec-23,2023,NOV,5,ST,FRE,19,1,1,0.0476,,,,,,,,,,,,,,,,,
06-Dec-23,2023,NOV,5,QJ,FRE,21,1,1,0.0339,,,,,,,,,,,,,,,,,
06-Dec-23,2023,NOV,5,HA,PCH,6,1,1,0.0633,,,,,,,,,,,,,,,,,
06-Dec-23,2023,NOV,5,HA,PCH,7,16,18,0.0002,0.0003,0.0006,0.002,0.0012,0.0057,0.0009,0.0116,0.0001,0.0071,0.0012,0.0001,0.004,0.0009,0.0008,0.0001,0.0001,0.0001
06-Dec-23,2023,NOV,5,ST,PCH,8,1,1,0.0517,,,,,,,,,,,,,,,,,
06-Dec-23,2023,NOV,5,AJ,PCH,9,3,3,0.0094,0.0177,0.0652,,,,,,,,,,,,,,,
06-Dec-23,2023,NOV,5,AJ,PCH,11,1,1,0.0528,,,,,,,,,,,,,,,,,
06-Dec-23,2023,NOV,5,AJ,PCH,14,1,1,0.0722,,,,,,,,,,,,,,,,,
06-Dec-23,2023,NOV,5,ST,PCH,15,1,1,0.0391,,,,,,,,,,,,,,,,,
06-Dec-23,2023,NOV,5,ST,PCH,17,1,1,0.0299,,,,,,,,,,,,,,,,,
06-Dec-23,2023,NOV,5,AJ,PCH,18,2,2,0.001,0.0533,,,,,,,,,,,,,,,,
06-Dec-23,2023,NOV,5,AJ,PCH,19,2,2,0.0518,0.0001,,,,,,,,,,,,,,,,
06-Dec-23,2023,NOV,5,ST,PCH,20,2,2,0.0028,0.0667,,,,,,,,,,,,,,,,
06-Dec-23,2023,NOV,5,AJ,PCH,21,1,1,0.0713,,,,,,,,,,,,,,,,,
06-Dec-23,2023,NOV,5,HA,RSS,2,5,5,0.0686,0.068,0.045,0.0411,0.0517,,,,,,,,,,,,,
06-Dec-23,2023,NOV,5,HA,RSS,3,1,1,0.0856,,,,,,,,,,,,,,,,,
06-Dec-23,2023,NOV,5,HA,RSS,4,1,1,0.0884,,,,,,,,,,,,,,,,,
06-Dec-23,2023,NOV,5,HA,RSS,5,1,1,0.0971,,,,,,,,,,,,,,,,,
06-Dec-23,2023,NOV,5,HA,SRA,4,2,2,0.0004,0.0003,,,,,,,,,,,,,,,,
21-Jan-25,2023,DEC,6,HA,BLA,5,2,2,0.0166,0.0267,,,,,,,,,,,,,,,,
21-Jan-25,2023,DEC,6,HA,BLA,6,1,1,0.0528,,,,,,,,,,,,,,,,,
21-Jan-25,2023,DEC,6,HA,BLA,7,1,1,0.0407,,,,,,,,,,,,,,,,,
21-Jan-25,2023,DEC,6,HA,FRE,4,1,1,0.0316,,,,,,,,,,,,,,,,,
21-Jan-25,2023,DEC,6,HA,FRE,11,1,1,0.093,,,,,,,,,,,,,,,,,
21-Jan-25,2023,DEC,6,HA,FRE,12,2,2,0.1417,0.0908,,,,,,,,,,,,,,,,
21-Jan-25,2023,DEC,6,HA,L2B,1,1,1,0.00005,,,,,,,,,,,,,,,,,
21-Jan-25,2023,DEC,6,HA,L2B,6,2,2,0.0433,0.0384,,,,,,,,,,,,,,,,
21-Jan-25,2023,DEC,6,HA,RSS,2,2,2,0.0638,0.0127,,,,,,,,,,,,,,,,
21-Jan-25,2023,DEC,6,HA,RSS,5,1,1,0.0005,,,,,,,,,,,,,,,,,
21-Jan-25,2024,JAN,7,HA,RSS,4,1,1,0.1019,,,,,,,,,,,,,,,,,
21-Jan-25,2024,JAN,7,HA,RSS,3,1,1,0.0657,,,,,,,,,,,,,,,,,
21-Jan-25,2024,JAN,7,HA,SRA,1,2,2,0.0004,0.0008,,,,,,,,,,,,,,,,
21-Jan-25,2024,FEB,8,HA,BLA,1,1,1,0.0155,,,,,,,,,,,,,,,,,
21-Jan-25,2024,FEB,8,HA,BLA,6,1,1,0.0413,,,,,,,,,,,,,,,,,
21-Jan-25,2024,FEB,8,HA,BLA,8,1,1,0.0315,,,,,,,,,,,,,,,,,
21-Jan-25,2024,FEB,8,HA,BLA,17,1,1,0.0013,,,,,,,,,,,,,,,,,
21-Jan-25,2024,FEB,8,HA,BLA,19,1,1,0.0296,,,,,,,,,,,,,,,,,
21-Jan-25,2024,FEB,8,HA,BLA,23,1,1,0.006,,,,,,,,,,,,,,,,,
21-Jan-25,2024,FEB,8,HA,FRE,1,1,1,0.1077,,,,,,,,,,,,,,,,,
21-Jan-25,2024,FEB,8,HA,FRE,2,1,1,0.0604,,,,,,,,,,,,,,,,,
21-Jan-25,2024,FEB,8,HA,FRE,6,3,3,0.0304,0.0752,0.0636,,,,,,,,,,,,,,,
21-Jan-25,2024,FEB,8,HA,L2B,6,1,1,0.00005,,,,,,,,,,,,,,,,,
21-Jan-25,2024,FEB,8,HA,L2B,9,2,2,0.0498,0.043,,,,,,,,,,,,,,,,
21-Jan-25,2024,FEB,8,HA,PCH,2,1,1,0.042,,,,,,,,,,,,,,,,,
21-Jan-25,2024,FEB,8,HA,PCH,3,3,3,0.0297,0.0399,0.0429,,,,,,,,,,,,,,,
21-Jan-25,2024,FEB,8,HA,RSS,2,2,2,0.0526,0.0485,,,,,,,,,,,,,,,,
21-Jan-25,2024,FEB,8,HA,RSS,4,2,2,0.0525,0.0957,,,,,,,,,,,,,,,,
21-Jan-25,2024,FEB,8,HA,RSS,5,2,2,0.1084,0.1003,,,,,,,,,,,,,,,,
21-Jan-25,2024,FEB,8,HA,RSS,6,1,1,0.1438,,,,,,,,,,,,,,,,,
21-Jan-25,2024,FEB,8,HA,SRA,2,1,1,0.00005,,,,,,,,,,,,,,,,,
21-Jan-25,2024,FEB,8,HA,SRA,3,1,1,0.0147,,,,,,,,,,,,,,,,,
21-Jan-25,2024,MAR,9,HA,BLA,34,2,1,0.0044,,,,,,,,,,,,,,,,,
21-Jan-25,2024,MAR,9,HA,BLA,43,1,1,0.0411,,,,,,,,,,,,,,,,,
21-Jan-25,2024,MAR,9,HA,BLA,51,1,1,0.0521,,,,,,,,,,,,,,,,,
21-Jan-25,2024,MAR,9,HA,BLA,52,1,1,0.0361,,,,,,,,,,,,,,,,,
21-Jan-25,2024,MAR,9,HA,BLA,54,1,1,0.0381,,,,,,,,,,,,,,,,,
21-Jan-25,2024,MAR,9,HA,BLA,56,1,1,0.0965,,,,,,,,,,,,,,,,,
21-Jan-25,2024,MAR,9,HA,BLA,60,2,2,0.0035,0.0027,,,,,,,,,,,,,,,,
21-Jan-25,2024,MAR,9,HA,FRE,2,1,1,0.0329,,,,,,,,,,,,,,,,,
21-Jan-25,2024,MAR,9,HA,L2B,6,3,3,0.0016,0.0007,0.0548,,,,,,,,,,,,,,,
21-Jan-25,2024,MAR,9,HA,L2B,7,1,1,0.0056,,,,,,,,,,,,,,,,,
21-Jan-25,2024,MAR,9,HA,PCH,1,1,1,0.0969,,,,,,,,,,,,,,,,,
21-Jan-25,2024,MAR,9,HA,RSS,5,1,1,0.0842,,,,,,,,,,,,,,,,,
21-Jan-25,2024,MAR,9,HA,SRA,1,1,1,0.0002,,,,,,,,,,,,,,,,,
21-Jan-25,2024,MAR,9,HA,SRA,5,2,2,0.0019,0.0002,,,,,,,,,,,,,,,,
21-Jan-25,2024,APR,10,HA,BEW,6,4,4,0.0003,0.0001,0.0005,0.0003,,,,,,,,,,,,,,
21-Jan-25,2024,APR,10,HA,BEW,19,1,1,0.0004,,,,,,,,,,,,,,,,,
20-Jan-25,2024,APR,10,VW,BLA,1,1,1,0.0435,,,,,,,,,,,,,,,,,
20-Jan-25,2024,APR,10,VW,BLA,2,1,1,0.0285,,,,,,,,,,,,,,,,,
20-Jan-25,2024,APR,10,VW,BLA,7,1,1,0.0317,,,,,,,,,,,,,,,,,
20-Jan-25,2024,APR,10,VW,BLA,8,2,2,0.0002,0.0308,,,,,,,,,,,,,,,,
20-Jan-25,2024,APR,10,VW,BLA,11,1,1,0.0534,,,,,,,,,,,,,,,,,
20-Jan-25,2024,APR,10,VW,BLA,14,1,1,0.0393,,,,,,,,,,,,,,,,,
20-Jan-25,2024,APR,10,VW,BLA,15,1,1,0.0602,,,,,,,,,,,,,,,,,
20-Jan-25,2024,APR,10,VW,BLA,16,1,1,0.0426,,,,,,,,,,,,,,,,,
20-Jan-25,2024,APR,10,VW,BLA,17,2,2,0.0262,0.0201,,,,,,,,,,,,,,,,
20-Jan-25,2024,APR,10,VW,BLA,19,5,1,0.0727,,,,,,,,,,,,,,,,,
20-Jan-25,2024,APR,10,VW,BLA,24,1,1,0.0457,,,,,,,,,,,,,,,,,
20-Jan-25,2024,APR,10,VW,BLA,26,5,5,0.00005,0.0003,0.0004,0.0003,0.0364,,,,,,,,,,,,,
20-Jan-25,2024,APR,10,VW,BLA,28,1,1,0.0463,,,,,,,,,,,,,,,,,
20-Jan-25,2024,APR,10,VW,BLA,35,1,1,0.0494,,,,,,,,,,,,,,,,,
20-Jan-25,2024,APR,10,VW,BLA,36,2,2,0.0412,0.0427,,,,,,,,,,,,,,,,
20-Jan-25,2024,APR,10,VW,BLA,38,2,2,0.0007,0.0657,,,,,,,,,,,,,,,,
20-Jan-25,2024,APR,10,VW,BLA,39,2,2,0.0173,0.0087,,,,,,,,,,,,,,,,
20-Jan-25,2024,APR,10,VW,BLA,41,1,1,0.0449,,,,,,,,,,,,,,,,,
20-Jan-25,2024,APR,10,VW,BLA,45,1,1,0.043,,,,,,,,,,,,,,,,,
20-Jan-25,2024,APR,10,VW,BLA,46,1,1,0.0001,,,,,,,,,,,,,,,,,
20-Jan-25,2024,APR,10,VW,BLA,49,1,1,0.0783,,,,,,,,,,,,,,,,,
20-Jan-25,2024,APR,10,VW,FRE,18,1,1,0.0021,,,,,,,,,,,,,,,,,
20-Jan-25,2024,APR,10,VW,FRE,30,1,1,0.0131,,,,,,,,,,,,,,,,,
20-Jan-25,2024,APR,10,VW,FRE,36,1,1,0.0002,,,,,,,,,,,,,,,,,
20-Jan-25,2024,APR,10,VW,FRE,38,2,1,0.0017,,,,,,,,,,,,,,,,,
20-Jan-25,2024,APR,10,VW,FRE,47,1,1,0.0163,,,,,,,,,,,,,,,,,
20-Jan-25,2024,APR,10,VW,L2B,23,1,1,0.0135,,,,,,,,,,,,,,,,,
20-Jan-25,2024,APR,10,VW,L2B,28,3,2,0.0001,0.00005,,,,,,,,,,,,,,,,
20-Jan-25,2024,APR,10,VW,L2B,48,1,1,0.00005,,,,,,,,,,,,,,,,,
20-Jan-25,2024,APR,10,VW,L2B,56,3,3,0.0949,0.0783,0.0583,,,,,,,,,,,,,,,
21-Jan-25,2024,APR,10,HA,PCH,5,2,2,0.0121,0.0474,,,,,,,,,,,,,,,,
21-Jan-25,2024,APR,10,HA,PCH,3,1,1,0.0728,,,,,,,,,,,,,,,,,
20-Jan-25,2024,APR,10,VW,PCH,18,1,1,0.0007,,,,,,,,,,,,,,,,,
20-Jan-25,2024,APR,10,VW,PCH,24,2,2,0.0165,0.07,,,,,,,,,,,,,,,,
20-Jan-25,2024,APR,10,VW,PCH,25,2,2,0.0048,0.0006,,,,,,,,,,,,,,,,
20-Jan-25,2024,APR,10,VW,PCH,41,2,2,0.0415,0.0026,,,,,,,,,,,,,,,,
20-Jan-25,2024,APR,10,VW,PCH,42,1,1,0.0689,,,,,,,,,,,,,,,,,
20-Jan-25,2024,APR,10,VW,PCH,47,1,1,0.0623,,,,,,,,,,,,,,,,,
21-Jan-25,2024,APR,10,HA,RSS,2,1,1,0.00005,,,,,,,,,,,,,,,,,
21-Jan-25,2024,APR,10,HA,RSS,4,1,1,0.0537,,,,,,,,,,,,,,,,,
21-Jan-25,2024,APR,10,HA,RSS,7,1,1,0.0917,,,,,,,,,,,,,,,,,
21-Jan-25,2024,APR,10,HA,RSS,8,4,4,0.0098,0.0037,0.0044,0.0005,,,,,,,,,,,,,,
21-Jan-25,2024,APR,10,HA,RSS,9,1,1,0.0604,,,,,,,,,,,,,,,,,
21-Jan-25,2024,APR,10,HA,RSS,10,4,3,0.0019,0.0222,0.0286,,,,,,,,,,,,,,,
21-Jan-25,2024,APR,10,HA,RSS,11,2,2,0.0004,0.0033,,,,,,,,,,,,,,,,
21-Jan-25,2024,APR,10,HA,RSS,13,3,3,0.0318,0.0371,0.0242,,,,,,,,,,,,,,,
21-Jan-25,2024,APR,10,HA,RSS,14,1,1,0.0873,,,,,,,,,,,,,,,,,
21-Jan-25,2024,APR,10,HA,RSS,18,3,3,0.0178,0.0788,0.0713,,,,,,,,,,,,,,,
20-Jan-25,2024,APR,10,VW,SRA,5,3,3,0.00005,0.0019,0.0005,,,,,,,,,,,,,,,
20-Jan-25,2024,APR,10,VW,SRA,8,2,2,0.0005,0.0008,,,,,,,,,,,,,,,,
20-Jan-25,2024,APR,10,VW,SRA,13,1,1,0.0003,,,,,,,,,,,,,,,,,
20-Jan-25,2024,APR,10,VW,SRA,15,3,3,0.0001,0.0002,0.00005,,,,,,,,,,,,,,,
20-Jan-25,2024,APR,10,VW,SRA,19,3,3,0.00005,0.0001,0.0001,,,,,,,,,,,,,,,
20-Jan-25,2024,APR,10,VW,SRA,24,1,1,0.0002,,,,,,,,,,,,,,,,,
20-Jan-25,2024,APR,10,VW,SRA,26,1,1,0.0004,,,,,,,,,,,,,,,,,
20-Jan-25,2024,APR,10,VW,SRA,30,1,1,0.0003,,,,,,,,,,,,,,,,,
20-Jan-25,2024,APR,10,VW,SRA,43,1,1,0.001,,,,,,,,,,,,,,,,,
20-Jan-25,2024,APR,10,VW,SRA,50,1,1,0.0011,,,,,,,,,,,,,,,,,
21-Jan-25,2024,APR,10,HA,SUG,1,2,2,0.0039,0.0046,,,,,,,,,,,,,,,,
21-Jan-25,2024,APR,10,HA,SUG,3,1,1,0.002,,,,,,,,,,,,,,,,,
12-Jan-25,2024,MAY,11,HA,BEW,4,1,1,0.00005,,,,,,,,,,,,,,,,,
12-Jan-25,2024,MAY,11,HA,BEW,9,1,1,0.0008,,,,,,,,,,,,,,,,,
12-Jan-25,2024,MAY,11,HA,BEW,19,4,4,0.0007,0.001,0.0009,0.0008,,,,,,,,,,,,,,
12-Jan-25,2024,MAY,11,HA,BEW,22,1,1,0.00005,,,,,,,,,,,,,,,,,
12-Jan-25,2024,MAY,11,HA,BLA,4,1,1,0.0682,,,,,,,,,,,,,,,,,
12-Jan-25,2024,MAY,11,HA,BLA,5,3,3,0.0024,0.0088,0.0628,,,,,,,,,,,,,,,
12-Jan-25,2024,MAY,11,HA,BLA,7,2,2,0.0003,0.0025,,,,,,,,,,,,,,,,
12-Jan-25,2024,MAY,11,HA,BLA,8,1,1,0.0559,,,,,,,,,,,,,,,,,
12-Jan-25,2024,MAY,11,HA,BLA,14,2,2,0.0419,0.0685,,,,,,,,,,,,,,,,
12-Jan-25,2024,MAY,11,HA,BLA,15,1,1,0.0576,,,,,,,,,,,,,,,,,
12-Jan-25,2024,MAY,11,HA,BLA,18,1,1,0.0049,,,,,,,,,,,,,,,,,
12-Jan-25,2024,MAY,11,HA,BLA,21,1,1,0.0234,,,,,,,,,,,,,,,,,
12-Jan-25,2024,MAY,11,HA,BLA,25,1,1,0.0016,,,,,,,,,,,,,,,,,
12-Jan-25,2024,MAY,11,HA,BLA,25,1,1,0.0038,,,,,,,,,,,,,,,,,
12-Jan-25,2024,MAY,11,HA,BLA,30,1,1,0.0064,,,,,,,,,,,,,,,,,
12-Jan-25,2024,MAY,11,HA,BLA,36,3,3,0.0069,0.0151,0.0213,,,,,,,,,,,,,,,
12-Jan-25,2024,MAY,11,HA,BLA,38,6,5,0.0007,0.0009,0.0002,0.00005,0.0417,,,,,,,,,,,,,
12-Jan-25,2024,MAY,11,HA,BLA,41,1,1,0.0396,,,,,,,,,,,,,,,,,
12-Jan-25,2024,MAY,11,HA,BLA,42,1,1,0.033,,,,,,,,,,,,,,,,,
12-Jan-25,2024,MAY,11,HA,BLA,48,2,2,0.0003,0.0013,,,,,,,,,,,,,,,,
12-Jan-25,2024,MAY,11,HA,BLA,49,1,1,0.0607,,,,,,,,,,,,,,,,,
12-Jan-25,2024,MAY,11,HA,BLA,50,1,1,0.0315,,,,,,,,,,,,,,,,,
12-Jan-25,2024,MAY,11,HA,BLA,51,2,2,0.031,0.0261,,,,,,,,,,,,,,,,
12-Jan-25,2024,MAY,11,HA,FRE,3,2,2,0.0018,0.0033,,,,,,,,,,,,,,,,
12-Jan-25,2024,MAY,11,HA,FRE,10,2,2,0.0004,0.024,,,,,,,,,,,,,,,,
12-Jan-25,2024,MAY,11,HA,FRE,12,1,1,0.0036,,,,,,,,,,,,,,,,,
12-Jan-25,2024,MAY,11,HA,FRE,28,1,1,0.0102,,,,,,,,,,,,,,,,,
12-Jan-25,2024,MAY,11,HA,FRE,34,2,2,0.0055,0.0011,,,,,,,,,,,,,,,,
12-Jan-25,2024,MAY,11,HA,FRE,38,1,1,0.0028,,,,,,,,,,,,,,,,,
12-Jan-25,2024,MAY,11,HA,FRE,42,2,2,0.0003,0.0008,,,,,,,,,,,,,,,,
12-Jan-25,2024,MAY,11,HA,FRE,43,2,2,0.0009,0.0019,,,,,,,,,,,,,,,,
12-Jan-25,2024,MAY,11,HA,L2B,11,1,1,0.00005,,,,,,,,,,,,,,,,,
12-Jan-25,2024,MAY,11,HA,L2B,14,1,1,0.00005,,,,,,,,,,,,,,,,,
12-Jan-25,2024,MAY,11,HA,L2B,18,1,1,0.0008,,,,,,,,,,,,,,,,,
12-Jan-25,2024,MAY,11,HA,L2B,24,4,4,0.0048,0.0002,0.0621,0.099,,,,,,,,,,,,,,
12-Jan-25,2024,MAY,11,HA,L2B,32,1,1,0.00005,,,,,,,,,,,,,,,,,
12-Jan-25,2024,MAY,11,HA,L2B,35,1,1,0.0965,,,,,,,,,,,,,,,,,
12-Jan-25,2024,MAY,11,HA,L2B,39,2,1,0.0016,,,,,,,,,,,,,,,,,
12-Jan-25,2024,MAY,11,HA,L2B,40,1,1,0.00005,,,,,,,,,,,,,,,,,
12-Jan-25,2024,MAY,11,HA,L2B,43,1,1,0.00005,,,,,,,,,,,,,,,,,
12-Jan-25,2024,MAY,11,HA,L2B,47,2,2,0.0569,0.016,,,,,,,,,,,,,,,,
11-Jan-25,2024,MAY,11,HA,PCH,1,1,1,0.00005,,,,,,,,,,,,,,,,,
11-Jan-25,2024,MAY,11,HA,PCH,9,3,2,0.0707,0.0003,,,,,,,,,,,,,,,,
11-Jan-25,2024,MAY,11,HA,PCH,12,1,1,0.0002,,,,,,,,,,,,,,,,,
11-Jan-25,2024,MAY,11,HA,PCH,16,1,2,0.0002,0.00005,,,,,,,,,,,,,,,,
11-Jan-25,2024,MAY,11,HA,PCH,19,1,1,0.0003,,,,,,,,,,,,,,,,,
11-Jan-25,2024,MAY,11,HA,PCH,21,1,1,0.0889,,,,,,,,,,,,,,,,,
11-Jan-25,2024,MAY,11,HA,PCH,24,2,2,0.0011,0.0043,,,,,,,,,,,,,,,,
11-Jan-25,2024,MAY,11,HA,PCH,29,1,1,0.0006,,,,,,,,,,,,,,,,,
11-Jan-25,2024,MAY,11,HA,PCH,32,1,1,0.0001,,,,,,,,,,,,,,,,,
11-Jan-25,2024,MAY,11,HA,PCH,37,1,1,0.0812,,,,,,,,,,,,,,,,,
11-Jan-25,2024,MAY,11,HA,PCH,40,2,2,0.0481,0.0708,,,,,,,,,,,,,,,,
12-Jan-25,2024,MAY,11,HA,RSS,2,1,1,0.0001,,,,,,,,,,,,,,,,,
12-Jan-25,2024,MAY,11,HA,RSS,3,1,1,0.0017,,,,,,,,,,,,,,,,,
12-Jan-25,2024,MAY,11,HA,RSS,7,3,3,0.0035,0.0107,0.0725,,,,,,,,,,,,,,,
12-Jan-25,2024,MAY,11,HA,RSS,11,1,1,0.0059,,,,,,,,,,,,,,,,,
12-Jan-25,2024,MAY,11,HA,RSS,14,1,1,0.0546,,,,,,,,,,,,,,,,,
12-Jan-25,2024,MAY,11,HA,RSS,23,1,1,0.00005,,,,,,,,,,,,,,,,,
12-Jan-25,2024,MAY,11,HA,RSS,25,3,3,0.0001,0.0002,0.0029,,,,,,,,,,,,,,,
12-Jan-25,2024,MAY,11,HA,RSS,29,1,1,0.0834,,,,,,,,,,,,,,,,,
12-Jan-25,2024,MAY,11,HA,RSS,35,1,1,0.0024,,,,,,,,,,,,,,,,,
12-Jan-25,2024,MAY,11,HA,RSS,41,1,1,0.1039,,,,,,,,,,,,,,,,,
12-Jan-25,2024,MAY,11,HA,RSS,46,1,1,0.0846,,,,,,,,,,,,,,,,,
12-Jan-25,2024,MAY,11,HA,RSS,44,1,1,0.00005,,,,,,,,,,,,,,,,,
12-Jan-25,2024,MAY,11,HA,SRA,3,7,5,0.0016,0.0069,0.0001,0.00005,0.0003,,,,,,,,,,,,,
12-Jan-25,2024,MAY,11,HA,SRA,7,2,1,0.0003,,,,,,,,,,,,,,,,,
12-Jan-25,2024,MAY,11,HA,SRA,8,1,1,0.00005,,,,,,,,,,,,,,,,,
12-Jan-25,2024,MAY,11,HA,SRA,20,4,3,0.0008,0.0005,0.0003,,,,,,,,,,,,,,,
12-Jan-25,2024,MAY,11,HA,SRA,22,1,1,0.00005,,,,,,,,,,,,,,,,,
12-Jan-25,2024,MAY,11,HA,SRA,26,1,1,0.0004,,,,,,,,,,,,,,,,,
12-Jan-25,2024,MAY,11,HA,SRA,28,1,1,0.0003,,,,,,,,,,,,,,,,,
12-Jan-25,2024,MAY,11,HA,SRA,29,1,1,0.0001,,,,,,,,,,,,,,,,,
12-Jan-25,2024,MAY,11,HA,SRA,30,4,2,0.0025,0.0002,,,,,,,,,,,,,,,,
12-Jan-25,2024,MAY,11,HA,SRA,37,1,1,0.00005,,,,,,,,,,,,,,,,,
12-Jan-25,2024,MAY,11,HA,SRA,38,4,2,0.0006,0.0009,,,,,,,,,,,,,,,,
12-Jan-25,2024,MAY,11,HA,SRA,39,4,4,0.00005,0.0001,0.0003,0.00005,,,,,,,,,,,,,,
12-Jan-25,2024,MAY,11,HA,SRA,40,2,2,0.0005,0.0009,,,,,,,,,,,,,,,,
12-Jan-25,2024,MAY,11,HA,SRA,41,2,1,0.00005,,,,,,,,,,,,,,,,,
12-Jan-25,2024,MAY,11,HA,SRA,42,2,2,0.0003,0.0002,,,,,,,,,,,,,,,,
12-Jan-25,2024,MAY,11,HA,SRA,43,2,1,0.00005,,,,,,,,,,,,,,,,,
12-Jan-25,2024,MAY,11,HA,SRA,46,2,2,0.0006,0.0001,,,,,,,,,,,,,,,,
11-Jan-25,2024,MAY,11,HA,SRA,50,1,1,0.119,,,,,,,,,,,,,,,,,
11-Jan-25,2024,MAY,11,HA,SUG,5,1,1,0.00005,,,,,,,,,,,,,,,,,
11-Jan-25,2024,MAY,11,HA,SUG,22,1,1,0.0282,,,,,,,,,,,,,,,,,
11-Jan-25,2024,MAY,11,HA,SUG,27,1,1,0.00005,,,,,,,,,,,,,,,,,
11-Jan-25,2024,MAY,11,HA,SUG,31,3,3,0.0215,0.0111,0.0058,,,,,,,,,,,,,,,
11-Jan-25,2024,MAY,11,HA,SUG,41,3,2,0.0035,0.0067,,,,,,,,,,,,,,,,
11-Jan-25,2024,MAY,11,HA,SUG,45,1,1,0.00005,,,,,,,,,,,,,,,,,
11-Jan-25,2024,MAY,11,HA,SUG,51,3,3,0.0004,0.00005,0.00005,,,,,,,,,,,,,,,
11-Jan-25,2024,MAY,11,HA,SUG,52,2,2,0.0003,0.0332,,,,,,,,,,,,,,,,
22-Dec-24,2024,JUN,12,VW,BEW,1,1,1,0.00005,,,,,,,,,,,,,,,,,
22-Dec-24,2024,JUN,12,VW,BEW,2,2,2,0.00005,0.0003,,,,,,,,,,,,,,,,
22-Dec-24,2024,JUN,12,VW,BEW,3,1,1,0.00005,,,,,,,,,,,,,,,,,
22-Dec-24,2024,JUN,12,VW,BEW,4,2,1,0.0003,,,,,,,,,,,,,,,,,
22-Dec-24,2024,JUN,12,VW,BEW,8,1,1,0.0001,,,,,,,,,,,,,,,,,
22-Dec-24,2024,JUN,12,VW,BEW,10,1,1,0.0037,,,,,,,,,,,,,,,,,
15-Jan-25,2024,JUN,12,HA,BLA,1,2,2,0.0174,0.0176,,,,,,,,,,,,,,,,
15-Jan-25,2024,JUN,12,HA,BLA,5,1,1,0.0163,,,,,,,,,,,,,,,,,
15-Jan-25,2024,JUN,12,HA,BLA,9,1,1,0.0599,,,,,,,,,,,,,,,,,
15-Jan-25,2024,JUN,12,HA,BLA,13,1,1,0.0489,,,,,,,,,,,,,,,,,
15-Jan-25,2024,JUN,12,HA,BLA,25,1,1,0.0074,,,,,,,,,,,,,,,,,
15-Jan-25,2024,JUN,12,HA,BLA,32,11,5,0.0017,0.00005,0.0003,0.00005,0.00005,0.00005,,,,,,,,,,,,
15-Jan-25,2024,JUN,12,HA,BLA,36,1,1,0.1026,,,,,,,,,,,,,,,,,
15-Jan-25,2024,JUN,12,HA,BLA,37,3,3,0.0223,0.0381,0.0187,,,,,,,,,,,,,,,
11-Jan-25,2024,JUN,12,HA,FRE,2,1,1,0.0004,,,,,,,,,,,,,,,,,
11-Jan-25,2024,JUN,12,HA,FRE,6,2,2,0.00005,0.0001,,,,,,,,,,,,,,,,
11-Jan-25,2024,JUN,12,HA,FRE,9,1,1,0.0302,,,,,,,,,,,,,,,,,
11-Jan-25,2024,JUN,12,HA,FRE,10,1,1,0.0694,,,,,,,,,,,,,,,,,
11-Jan-25,2024,JUN,12,HA,FRE,18,1,1,0.0156,,,,,,,,,,,,,,,,,
11-Jan-25,2024,JUN,12,HA,FRE,21,1,1,0.0672,,,,,,,,,,,,,,,,,
11-Jan-25,2024,JUN,12,HA,FRE,28,2,2,0.0451,0.0904,,,,,,,,,,,,,,,,
11-Jan-25,2024,JUN,12,HA,FRE,30,1,1,0.03,,,,,,,,,,,,,,,,,
11-Jan-25,2024,JUN,12,HA,FRE,32,1,1,0.0561,,,,,,,,,,,,,,,,,
11-Jan-25,2024,JUN,12,HA,FRE,35,1,1,0.0494,,,,,,,,,,,,,,,,,
11-Jan-25,2024,JUN,12,HA,FRE,36,1,1,0.0665,,,,,,,,,,,,,,,,,
11-Jan-25,2024,JUN,12,HA,FRE,38,1,1,0.063,,,,,,,,,,,,,,,,,
11-Jan-25,2024,JUN,12,HA,FRE,39,1,1,0.0694,,,,,,,,,,,,,,,,,
11-Jan-25,2024,JUN,12,HA,FRE,40,1,1,0.0003,,,,,,,,,,,,,,,,,
11-Jan-25,2024,JUN,12,HA,FRE,41,1,1,0.0379,,,,,,,,,,,,,,,,,
11-Jan-25,2024,JUN,12,HA,FRE,43,3,2,0.0004,0.0024,,,,,,,,,,,,,,,,
11-Jan-25,2024,JUN,12,HA,FRE,44,2,2,0.0066,0.0424,,,,,,,,,,,,,,,,
11-Jan-25,2024,JUN,12,HA,FRE,49,1,1,0.1223,,,,,,,,,,,,,,,,,
11-Jan-25,2024,JUN,12,HA,FRE,50,1,1,0.0125,,,,,,,,,,,,,,,,,
11-Jan-25,2024,JUN,12,HA,L2B,2,3,2,0.0001,0.00005,,,,,,,,,,,,,,,,
06-Jan-25,2024,JUN,12,VW,L2B,5,1,1,0.0002,,,,,,,,,,,,,,,,,
06-Jan-25,2024,JUN,12,VW,L2B,6,1,1,0.0008,,,,,,,,,,,,,,,,,
06-Jan-25,2024,JUN,12,VW,L2B,8,1,1,0.00005,,,,,,,,,,,,,,,,,
06-Jan-25,2024,JUN,12,VW,L2B,16,2,2,0.0006,0.0026,,,,,,,,,,,,,,,,
06-Jan-25,2024,JUN,12,VW,L2B,18,1,1,0.0001,,,,,,,,,,,,,,,,,
06-Jan-25,2024,JUN,12,VW,L2B,19,4,4,0.00005,0.0001,0.0002,0.0003,,,,,,,,,,,,,,
06-Jan-25,2024,JUN,12,VW,L2B,24,2,2,0.0007,0.0001,,,,,,,,,,,,,,,,
06-Jan-25,2024,JUN,12,VW,L2B,27,4,1,0.0004,,,,,,,,,,,,,,,,,
06-Jan-25,2024,JUN,12,VW,L2B,32,3,1,0.00005,,,,,,,,,,,,,,,,,
06-Jan-25,2024,JUN,12,VW,L2B,35,2,1,0.00005,,,,,,,,,,,,,,,,,
06-Jan-25,2024,JUN,12,VW,L2B,36,4,3,0.00005,0.00005,0.0003,,,,,,,,,,,,,,,
22-Dec-24,2024,JUN,12,VW,L2B,38,1,1,0.00005,,,,,,,,,,,,,,,,,
22-Dec-24,2024,JUN,12,VW,L2B,42,1,1,0.0001,,,,,,,,,,,,,,,,,
22-Dec-24,2024,JUN,12,VW,L2B,44,1,1,0.00005,,,,,,,,,,,,,,,,,
22-Dec-24,2024,JUN,12,VW,L2B,47,1,1,0.0005,,,,,,,,,,,,,,,,,
22-Dec-24,2024,JUN,12,VW,L2B,48,2,2,0.00005,0.00005,,,,,,,,,,,,,,,,
22-Dec-24,2024,JUN,12,VW,PCH,2,1,1,0.0043,,,,,,,,,,,,,,,,,
22-Dec-24,2024,JUN,12,VW,PCH,7,1,1,0.0003,,,,,,,,,,,,,,,,,
22-Dec-24,2024,JUN,12,VW,PCH,10,2,2,0.0024,0.0004,,,,,,,,,,,,,,,,
22-Dec-24,2024,JUN,12,VW,PCH,33,1,2,0.00005,0.00005,,,,,,,,,,,,,,,,
22-Dec-24,2024,JUN,12,VW,RSS,4,1,1,0.0014,,,,,,,,,,,,,,,,,
22-Dec-24,2024,JUN,12,VW,RSS,6,1,1,0.0135,,,,,,,,,,,,,,,,,
15-Jan-25,2024,JUN,12,HA,RSS,9,2,2,0.0316,0.0531,,,,,,,,,,,,,,,,
15-Jan-25,2024,JUN,12,HA,RSS,10,1,1,0.0009,,,,,,,,,,,,,,,,,
15-Jan-25,2024,JUN,12,HA,RSS,12,1,1,0.0004,,,,,,,,,,,,,,,,,
15-Jan-25,2024,JUN,12,HA,RSS,17,2,2,0.0173,0.0442,,,,,,,,,,,,,,,,
15-Jan-25,2024,JUN,12,HA,RSS,21,1,1,0.00005,,,,,,,,,,,,,,,,,
15-Jan-25,2024,JUN,12,HA,RSS,23,1,1,0.00005,,,,,,,,,,,,,,,,,
15-Jan-25,2024,JUN,12,HA,RSS,24,5,4,0.0532,0.0169,0.0353,0.0723,,,,,,,,,,,,,,
15-Jan-25,2024,JUN,12,HA,RSS,27,3,3,0.0006,0.00005,0.0007,,,,,,,,,,,,,,,
15-Jan-25,2024,JUN,12,HA,RSS,29,3,2,0.0014,0.005,,,,,,,,,,,,,,,,
15-Jan-25,2024,JUN,12,HA,RSS,36,1,1,0.00005,,,,,,,,,,,,,,,,,
15-Jan-25,2024,JUN,12,HA,RSS,40,3,1,0.0006,,,,,,,,,,,,,,,,,
15-Jan-25,2024,JUN,12,HA,RSS,41,2,1,0.00005,,,,,,,,,,,,,,,,,
15-Jan-25,2024,JUN,12,HA,RSS,43,1,1,0.00005,,,,,,,,,,,,,,,,,
15-Jan-25,2024,JUN,12,HA,RSS,45,1,1,0.00005,,,,,,,,,,,,,,,,,
15-Jan-25,2024,JUN,12,HA,RSS,50,1,1,0.00005,,,,,,,,,,,,,,,,,
15-Jan-25,2024,JUN,12,HA,SRA,3,3,2,0.00005,0.00005,,,,,,,,,,,,,,,,
15-Jan-25,2024,JUN,12,HA,SRA,4,1,1,0.0006,,,,,,,,,,,,,,,,,
15-Jan-25,2024,JUN,12,HA,SRA,5,3,3,0.00005,0.00005,0.0003,,,,,,,,,,,,,,,
15-Jan-25,2024,JUN,12,HA,SRA,7,12,8,0.0049,0.002,0.0015,0.0008,0.0011,0.0003,0.0003,0.0001,,,,,,,,,,
15-Jan-25,2024,JUN,12,HA,SRA,9,11,7,0.0006,0.0004,0.00005,0.00005,0.00005,0.00005,0.0001,,,,,,,,,,,
15-Jan-25,2024,JUN,12,HA,SRA,12,3,2,0.00005,0.0002,,,,,,,,,,,,,,,,
14-Jan-25,2024,JUN,12,HA,SRA,13,6,2,0.0022,0.0006,,,,,,,,,,,,,,,,
14-Jan-25,2024,JUN,12,HA,SRA,23,2,2,0.00005,0.00005,,,,,,,,,,,,,,,,
14-Jan-25,2024,JUN,12,HA,SRA,24,1,1,0.0012,,,,,,,,,,,,,,,,,
14-Jan-25,2024,JUN,12,HA,SRA,26,1,1,0.00005,,,,,,,,,,,,,,,,,
14-Jan-25,2024,JUN,12,HA,SRA,27,18,4,0.0011,0.0007,0.0002,0.0001,,,,,,,,,,,,,,
14-Jan-25,2024,JUN,12,HA,SRA,28,1,1,0.00005,,,,,,,,,,,,,,,,,
14-Jan-25,2024,JUN,12,HA,SRA,29,2,2,0.00005,0.0003,,,,,,,,,,,,,,,,
14-Jan-25,2024,JUN,12,HA,SRA,30,2,2,0.00005,0.0015,,,,,,,,,,,,,,,,
14-Jan-25,2024,JUN,12,HA,SRA,31,5,5,0.00005,0.00005,0.00005,0.00005,0.00005,,,,,,,,,,,,,
14-Jan-25,2024,JUN,12,HA,SRA,33,2,2,0.00005,0.00005,,,,,,,,,,,,,,,,
14-Jan-25,2024,JUN,12,HA,SRA,34,1,3,0.00005,0.0005,0.0116,,,,,,,,,,,,,,,
14-Jan-25,2024,JUN,12,HA,SRA,36,3,3,0.0014,0.001,0.0057,,,,,,,,,,,,,,,
14-Jan-25,2024,JUN,12,HA,SRA,41,1,1,0.0002,,,,,,,,,,,,,,,,,
14-Jan-25,2024,JUN,12,HA,SRA,48,1,1,0.0011,,,,,,,,,,,,,,,,,
14-Jan-25,2024,JUN,12,HA,SRA,49,1,1,0.00005,,,,,,,,,,,,,,,,,
14-Jan-25,2024,JUN,12,HA,SRA,51,2,2,0.00005,0.0005,,,,,,,,,,,,,,,,
14-Jan-25,2024,JUN,12,HA,SUG,10,1,1,0.0002,,,,,,,,,,,,,,,,,
14-Jan-25,2024,JUN,12,HA,SUG,11,1,1,0.0003,,,,,,,,,,,,,,,,,
14-Jan-25,2024,JUN,12,HA,SUG,12,1,1,0.00005,,,,,,,,,,,,,,,,,
14-Jan-25,2024,JUN,12,HA,SUG,22,2,2,0.00005,0.00005,,,,,,,,,,,,,,,,
14-Jan-25,2024,JUN,12,HA,SUG,42,2,1,0.00005,,,,,,,,,,,,,,,,,
14-Jan-25,2024,JUN,12,HA,SUG,48,1,1,0.00005,,,,,,,,,,,,,,,,,
22-Jan-25,2024,JUL,13,HA,BEW,2,2,2,0.00005,0.00005,,,,,,,,,,,,,,,,
22-Jan-25,2024,JUL,13,HA,BEW,6,1,1,0.00005,,,,,,,,,,,,,,,,,
22-Jan-25,2024,JUL,13,HA,BEW,14,2,2,0.00005,0.0011,,,,,,,,,,,,,,,,
22-Jan-25,2024,JUL,13,HA,BEW,20,3,3,0.0019,0.0009,0.0013,,,,,,,,,,,,,,,
14-Jan-25,2024,JUL,13,HA,BLA,2,1,1,0.1276,,,,,,,,,,,,,,,,,
14-Jan-25,2024,JUL,13,HA,BLA,11,8,6,0.0006,0.0005,0.0002,0.00005,0.0004,0.00005,,,,,,,,,,,,
14-Jan-25,2024,JUL,13,HA,BLA,13,1,1,0.0613,,,,,,,,,,,,,,,,,
22-Jan-25,2024,JUL,13,HA,BLA,17,1,1,0.0051,,,,,,,,,,,,,,,,,
22-Jan-25,2024,JUL,13,HA,BLA,20,20,15,0.0004,0.0003,0.0005,0.00005,0.0001,0.0014,0.0012,0.0013,0.0009,0.0018,0.0041,0.0013,0.0007,0.0035,0.0032,,,
22-Jan-25,2024,JUL,13,HA,BLA,21,2,4,0.0003,0.0066,0.1587,0.0026,,,,,,,,,,,,,,
22-Jan-25,2024,JUL,13,HA,BLA,25,2,2,0.00005,0.009,,,,,,,,,,,,,,,,
22-Jan-25,2024,JUL,13,HA,BLA,27,1,1,0.0214,,,,,,,,,,,,,,,,,
22-Jan-25,2024,JUL,13,HA,BLA,30,1,1,0.1176,,,,,,,,,,,,,,,,,
14-Jan-25,2024,JUL,13,HA,FRE,5,1,1,0.0002,,,,,,,,,,,,,,,,,
14-Jan-25,2024,JUL,13,HA,FRE,8,3,3,0.0001,0.0006,0.0009,,,,,,,,,,,,,,,
14-Jan-25,2024,JUL,13,HA,FRE,9,1,1,0.0007,,,,,,,,,,,,,,,,,
14-Jan-25,2024,JUL,13,HA,FRE,10,3,2,0.00005,0.00005,,,,,,,,,,,,,,,,
14-Jan-25,2024,JUL,13,HA,FRE,12,3,1,0.0013,,,,,,,,,,,,,,,,,
14-Jan-25,2024,JUL,13,HA,FRE,14,4,4,0.0008,0.0002,0.0024,0.0075,,,,,,,,,,,,,,
14-Jan-25,2024,JUL,13,HA,FRE,20,2,2,0.0011,0.039,,,,,,,,,,,,,,,,
14-Jan-25,2024,JUL,13,HA,FRE,21,1,1,0.0617,,,,,,,,,,,,,,,,,
14-Jan-25,2024,JUL,13,HA,FRE,22,1,1,0.1239,,,,,,,,,,,,,,,,,
14-Jan-25,2024,JUL,13,HA,FRE,24,2,2,0.0025,0.0408,,,,,,,,,,,,,,,,
14-Jan-25,2024,JUL,13,HA,FRE,25,2,2,0.0083,0.018,,,,,,,,,,,,,,,,
14-Jan-25,2024,JUL,13,HA,FRE,28,1,1,0.0198,,,,,,,,,,,,,,,,,
14-Jan-25,2024,JUL,13,HA,FRE,29,2,2,0.0006,0.0097,,,,,,,,,,,,,,,,
14-Jan-25,2024,JUL,13,HA,FRE,30,2,2,0.0004,0.0323,,,,,,,,,,,,,,,,
14-Jan-25,2024,JUL,13,HA,FRE,31,6,5,0.0006,0.0005,0.0077,0.018,0.0487,,,,,,,,,,,,,
14-Jan-25,2024,JUL,13,HA,FRE,32,1,1,0.0076,,,,,,,,,,,,,,,,,
14-Jan-25,2024,JUL,13,HA,FRE,34,1,1,0.0114,,,,,,,,,,,,,,,,,
14-Jan-25,2024,JUL,13,HA,FRE,37,1,1,0.0018,,,,,,,,,,,,,,,,,
14-Jan-25,2024,JUL,13,HA,FRE,40,3,3,0.0012,0.0071,0.0867,,,,,,,,,,,,,,,
14-Jan-25,2024,JUL,13,HA,FRE,41,1,1,0.0105,,,,,,,,,,,,,,,,,
14-Jan-25,2024,JUL,13,HA,FRE,42,2,1,0.1077,,,,,,,,,,,,,,,,,
23-Jan-25,2024,JUL,13,HA,L2B,1,2,2,0.00005,0.0007,,,,,,,,,,,,,,,,
23-Jan-25,2024,JUL,13,HA,L2B,2,2,2,0.00005,0.00005,,,,,,,,,,,,,,,,
23-Jan-25,2024,JUL,13,HA,L2B,4,8,6,0.00005,0.00005,0.00005,0.00005,0.00005,0.00005,,,,,,,,,,,,
23-Jan-25,2024,JUL,13,HA,L2B,6,1,1,0.0016,,,,,,,,,,,,,,,,,
23-Jan-25,2024,JUL,13,HA,L2B,8,1,1,0.0008,,,,,,,,,,,,,,,,,
23-Jan-25,2024,JUL,13,HA,L2B,9,6,6,0.0044,0.015,0.0067,0.0013,0.0009,0.0011,,,,,,,,,,,,
23-Jan-25,2024,JUL,13,HA,L2B,11,2,2,0.0053,0.007,,,,,,,,,,,,,,,,
23-Jan-25,2024,JUL,13,HA,L2B,12,2,2,0.005,0.0095,,,,,,,,,,,,,,,,
23-Jan-25,2024,JUL,13,HA,L2B,15,1,1,0.00005,,,,,,,,,,,,,,,,,
23-Jan-25,2024,JUL,13,HA,L2B,16,1,1,0.00005,,,,,,,,,,,,,,,,,
23-Jan-25,2024,JUL,13,HA,L2B,17,4,4,0.00005,0.00005,0.00005,0.00005,,,,,,,,,,,,,,
23-Jan-25,2024,JUL,13,HA,L2B,18,1,1,0.00005,,,,,,,,,,,,,,,,,
23-Jan-25,2024,JUL,13,HA,L2B,22,1,1,0.00005,,,,,,,,,,,,,,,,,
23-Jan-25,2024,JUL,13,HA,L2B,24,1,1,0.0014,,,,,,,,,,,,,,,,,
23-Jan-25,2024,JUL,13,HA,L2B,27,2,3,0.00005,0.00005,0.0004,,,,,,,,,,,,,,,
23-Jan-25,2024,JUL,13,HA,PCH,2,2,2,0.0007,0.0014,,,,,,,,,,,,,,,,
23-Jan-25,2024,JUL,13,HA,PCH,3,1,1,0.0572,,,,,,,,,,,,,,,,,
23-Jan-25,2024,JUL,13,HA,PCH,5,1,1,0.0166,,,,,,,,,,,,,,,,,
23-Jan-25,2024,JUL,13,HA,RSS,1,1,1,0.002,,,,,,,,,,,,,,,,,
23-Jan-25,2024,JUL,13,HA,RSS,2,5,5,0.0017,0.0014,0.1378,0.00005,0.0002,,,,,,,,,,,,,
23-Jan-25,2024,JUL,13,HA,RSS,9,2,2,0.00005,0.00005,,,,,,,,,,,,,,,,
23-Jan-25,2024,JUL,13,HA,RSS,15,1,1,0.0003,,,,,,,,,,,,,,,,,
23-Jan-25,2024,JUL,13,HA,RSS,16,4,3,0.0176,0.0253,0.1511,,,,,,,,,,,,,,,
23-Jan-25,2024,JUL,13,HA,RSS,17,2,1,0.00005,,,,,,,,,,,,,,,,,
23-Jan-25,2024,JUL,13,HA,RSS,20,2,2,0.1006,0.0038,,,,,,,,,,,,,,,,
23-Jan-25,2024,JUL,13,HA,RSS,21,3,3,0.0301,0.0214,0.038,,,,,,,,,,,,,,,
23-Jan-25,2024,JUL,13,HA,RSS,22,1,1,0.0004,,,,,,,,,,,,,,,,,
23-Jan-25,2024,JUL,13,HA,RSS,25,1,1,0.0015,,,,,,,,,,,,,,,,,
23-Jan-25,2024,JUL,13,HA,RSS,26,1,1,0.0015,,,,,,,,,,,,,,,,,
23-Jan-25,2024,JUL,13,HA,RSS,28,2,2,0.1141,0.1004,,,,,,,,,,,,,,,,
23-Jan-25,2024,JUL,13,HA,RSS,34,1,1,0.00005,,,,,,,,,,,,,,,,,
23-Jan-25,2024,JUL,13,HA,RSS,37,3,3,0.00005,0.0004,0.0005,,,,,,,,,,,,,,,
22-Jan-25,2024,JUL,13,HA,SRA,6,5,3,0.0003,0.0002,0.0012,,,,,,,,,,,,,,,
22-Jan-25,2024,JUL,13,HA,SRA,11,3,3,0.0005,0.0004,0.00005,,,,,,,,,,,,,,,
22-Jan-25,2024,JUL,13,HA,SRA,13,4,3,0.00005,0.0007,0.002,,,,,,,,,,,,,,,
22-Jan-25,2024,JUL,13,HA,SRA,14,3,3,0.0008,0.0001,0.0001,,,,,,,,,,,,,,,
22-Jan-25,2024,JUL,13,HA,SRA,16,4,3,0.00005,0.00005,0.00005,,,,,,,,,,,,,,,
22-Jan-25,2024,JUL,13,HA,SRA,18,1,1,0.00005,,,,,,,,,,,,,,,,,
22-Jan-25,2024,JUL,13,HA,SRA,22,1,1,0.00005,,,,,,,,,,,,,,,,,
22-Jan-25,2024,JUL,13,HA,SRA,23,1,1,0.00005,,,,,,,,,,,,,,,,,
22-Jan-25,2024,JUL,13,HA,SRA,24,7,5,0.0048,0.0013,0.0001,0.001,0.0012,,,,,,,,,,,,,
22-Jan-25,2024,JUL,13,HA,SRA,33,3,3,0.00005,0.00005,0.002,,,,,,,,,,,,,,,
22-Jan-25,2024,JUL,13,HA,SRA,34,2,2,0.00005,0.005,,,,,,,,,,,,,,,,
22-Jan-25,2024,JUL,13,HA,SRA,35,1,1,0.0001,,,,,,,,,,,,,,,,,
22-Jan-25,2024,JUL,13,HA,SRA,39,30,6,0.0001,0.0007,0.0003,0.00005,0.0002,0.00005,,,,,,,,,,,,
22-Jan-25,2024,JUL,13,HA,SRA,40,1,1,0.00005,,,,,,,,,,,,,,,,,
22-Jan-25,2024,JUL,13,HA,SRA,41,1,1,0.0122,,,,,,,,,,,,,,,,,
22-Jan-25,2024,JUL,13,HA,SRA,43,2,2,0.0005,0.0018,,,,,,,,,,,,,,,,
22-Jan-25,2024,JUL,13,HA,SRA,46,3,8,0.00005,0.00005,0.00005,0.00005,0.0008,0.0003,0.0004,0.00005,,,,,,,,,,
22-Jan-25,2024,JUL,13,HA,SRA,47,2,2,0.1183,0.1521,,,,,,,,,,,,,,,,
14-Jan-25,2024,JUL,13,HA,SRA,53,1,1,0.1077,,,,,,,,,,,,,,,,,
22-Jan-25,2024,JUL,13,HA,SUG,15,4,4,0.0006,0.0001,0.00005,0.0001,,,,,,,,,,,,,,
22-Jan-25,2024,JUL,13,HA,SUG,17,1,1,0.00005,,,,,,,,,,,,,,,,,
22-Jan-25,2024,JUL,13,HA,SUG,19,1,1,0.00005,,,,,,,,,,,,,,,,,
22-Jan-25,2024,JUL,13,HA,SUG,21,2,2,0.00005,0.0022,,,,,,,,,,,,,,,,
22-Jan-25,2024,JUL,13,HA,SUG,23,1,1,0.00005,,,,,,,,,,,,,,,,,
22-Jan-25,2024,JUL,13,HA,SUG,28,1,1,0.0001,,,,,,,,,,,,,,,,,
22-Jan-25,2024,JUL,13,HA,SUG,29,1,1,0.0006,,,,,,,,,,,,,,,,,
22-Jan-25,2024,JUL,13,HA,SUG,30,1,1,0.00005,,,,,,,,,,,,,,,,,
22-Jan-25,2024,JUL,13,HA,SUG,36,2,2,0.00005,0.00005,,,,,,,,,,,,,,,,
22-Jan-25,2024,JUL,13,HA,SUG,42,1,1,0.00005,,,,,,,,,,,,,,,,,
22-Jan-25,2024,JUL,13,HA,SUG,43,3,2,0.0002,0.00005,,,,,,,,,,,,,,,,
22-Jan-25,2024,JUL,13,HA,SUG,45,6,2,0.00005,0.0009,,,,,,,,,,,,,,,,
22-Jan-25,2024,JUL,13,HA,SUG,50,2,2,0.0015,0.0003,,,,,,,,,,,,,,,,
,,,,,,,,,,,,,,,,,,,,,,,,,,